"","NAME","SEASON","LEAGUE","TEAM"
"1","DeAndre Jordan","2015-16","NBA","1st"
"2","Draymond Green","2015-16","NBA","1st"
"3","Kawhi Leonard","2015-16","NBA","1st"
"4","Avery Bradley","2015-16","NBA","1st"
"5","Chris Paul","2015-16","NBA","1st"
"6","Tony Allen","2015-16","NBA","2nd"
"7","Jimmy Butler","2015-16","NBA","2nd"
"8","Paul Millsap","2015-16","NBA","2nd"
"9","Paul George","2015-16","NBA","2nd"
"10","Hassan Whiteside","2015-16","NBA","2nd"
"11","Draymond Green","2014-15","NBA","1st"
"12","Kawhi Leonard","2014-15","NBA","1st"
"13","Tony Allen","2014-15","NBA","1st"
"14","DeAndre Jordan","2014-15","NBA","1st"
"15","Chris Paul","2014-15","NBA","1st"
"16","John Wall","2014-15","NBA","2nd"
"17","Anthony Davis","2014-15","NBA","2nd"
"18","Tim Duncan","2014-15","NBA","2nd"
"19","Andrew Bogut","2014-15","NBA","2nd"
"20","Jimmy Butler","2014-15","NBA","2nd"
"21","Chris Paul","2013-14","NBA","1st"
"22","Andre Iguodala","2013-14","NBA","1st"
"23","Paul George","2013-14","NBA","1st"
"24","Serge Ibaka","2013-14","NBA","1st"
"25","Joakim Noah","2013-14","NBA","1st"
"26","Jimmy Butler","2013-14","NBA","2nd"
"27","LeBron James","2013-14","NBA","2nd"
"28","Kawhi Leonard","2013-14","NBA","2nd"
"29","Roy Hibbert","2013-14","NBA","2nd"
"30","Patrick Beverley","2013-14","NBA","2nd"
"31","Chris Paul","2012-13","NBA","1st"
"32","LeBron James","2012-13","NBA","1st"
"33","Tony Allen","2012-13","NBA","1st"
"34","Serge Ibaka","2012-13","NBA","1st"
"35","Tyson Chandler, Joakim Noah (T)","2012-13","NBA","1st"
"36","Avery Bradley","2012-13","NBA","2nd"
"37","Paul George","2012-13","NBA","2nd"
"38","Tim Duncan","2012-13","NBA","2nd"
"39","Marc Gasol","2012-13","NBA","2nd"
"40","Mike Conley","2012-13","NBA","2nd"
"41","LeBron James","2011-12","NBA","1st"
"42","Serge Ibaka","2011-12","NBA","1st"
"43","Dwight Howard","2011-12","NBA","1st"
"44","Tony Allen","2011-12","NBA","1st"
"45","Chris Paul","2011-12","NBA","1st"
"46","Rajon Rondo","2011-12","NBA","2nd"
"47","Kevin Garnett","2011-12","NBA","2nd"
"48","Kobe Bryant","2011-12","NBA","2nd"
"49","Tyson Chandler","2011-12","NBA","2nd"
"50","Luol Deng","2011-12","NBA","2nd"
"51","Kevin Garnett","2010-11","NBA","1st"
"52","Kobe Bryant","2010-11","NBA","1st"
"53","LeBron James","2010-11","NBA","1st"
"54","Rajon Rondo","2010-11","NBA","1st"
"55","Dwight Howard","2010-11","NBA","1st"
"56","Chris Paul","2010-11","NBA","2nd"
"57","Joakim Noah","2010-11","NBA","2nd"
"58","Tony Allen","2010-11","NBA","2nd"
"59","Andre Iguodala","2010-11","NBA","2nd"
"60","Tyson Chandler","2010-11","NBA","2nd"
"61","Kobe Bryant","2009-10","NBA","1st"
"62","Gerald Wallace","2009-10","NBA","1st"
"63","Rajon Rondo","2009-10","NBA","1st"
"64","LeBron James","2009-10","NBA","1st"
"65","Dwight Howard","2009-10","NBA","1st"
"66","Josh Smith","2009-10","NBA","2nd"
"67","Anderson Varejao","2009-10","NBA","2nd"
"68","Tim Duncan","2009-10","NBA","2nd"
"69","Dwyane Wade","2009-10","NBA","2nd"
"70","Thabo Sefolosha","2009-10","NBA","2nd"
"71","Chris Paul","2008-09","NBA","1st"
"72","Kevin Garnett","2008-09","NBA","1st"
"73","Dwight Howard","2008-09","NBA","1st"
"74","LeBron James","2008-09","NBA","1st"
"75","Kobe Bryant","2008-09","NBA","1st"
"76","Metta World Peace","2008-09","NBA","2nd"
"77","Rajon Rondo","2008-09","NBA","2nd"
"78","Dwyane Wade","2008-09","NBA","2nd"
"79","Shane Battier","2008-09","NBA","2nd"
"80","Tim Duncan","2008-09","NBA","2nd"
"81","Kevin Garnett","2007-08","NBA","1st"
"82","Tim Duncan","2007-08","NBA","1st"
"83","Marcus Camby","2007-08","NBA","1st"
"84","Kobe Bryant","2007-08","NBA","1st"
"85","Bruce Bowen","2007-08","NBA","1st"
"86","Shane Battier","2007-08","NBA","2nd"
"87","Tayshaun Prince","2007-08","NBA","2nd"
"88","Chris Paul","2007-08","NBA","2nd"
"89","Dwight Howard","2007-08","NBA","2nd"
"90","Raja Bell","2007-08","NBA","2nd"
"91","Bruce Bowen","2006-07","NBA","1st"
"92","Kobe Bryant","2006-07","NBA","1st"
"93","Marcus Camby","2006-07","NBA","1st"
"94","Tim Duncan","2006-07","NBA","1st"
"95","Raja Bell","2006-07","NBA","1st"
"96","Ben Wallace","2006-07","NBA","2nd"
"97","Tayshaun Prince","2006-07","NBA","2nd"
"98","Jason Kidd","2006-07","NBA","2nd"
"99","Kirk Hinrich","2006-07","NBA","2nd"
"100","Kevin Garnett","2006-07","NBA","2nd"
"101","Bruce Bowen","2005-06","NBA","1st"
"102","Andrei Kirilenko","2005-06","NBA","1st"
"103","Ben Wallace","2005-06","NBA","1st"
"104","Metta World Peace","2005-06","NBA","1st"
"105","Kobe Bryant, Jason Kidd (T)","2005-06","NBA","1st"
"106","Kevin Garnett","2005-06","NBA","2nd"
"107","Chauncey Billups","2005-06","NBA","2nd"
"108","Tayshaun Prince","2005-06","NBA","2nd"
"109","Marcus Camby","2005-06","NBA","2nd"
"110","Tim Duncan","2005-06","NBA","2nd"
"111","Larry Hughes","2004-05","NBA","1st"
"112","Ben Wallace","2004-05","NBA","1st"
"113","Kevin Garnett","2004-05","NBA","1st"
"114","Tim Duncan","2004-05","NBA","1st"
"115","Bruce Bowen","2004-05","NBA","1st"
"116","Marcus Camby","2004-05","NBA","2nd"
"117","Andrei Kirilenko","2004-05","NBA","2nd"
"118","Chauncey Billups","2004-05","NBA","2nd"
"119","Tayshaun Prince","2004-05","NBA","2nd"
"120","Dwyane Wade, Jason Kidd (T)","2004-05","NBA","2nd"
"121","Kevin Garnett","2003-04","NBA","1st"
"122","Metta World Peace","2003-04","NBA","1st"
"123","Bruce Bowen","2003-04","NBA","1st"
"124","Kobe Bryant","2003-04","NBA","1st"
"125","Ben Wallace","2003-04","NBA","1st"
"126","Theo Ratliff","2003-04","NBA","2nd"
"127","Tim Duncan","2003-04","NBA","2nd"
"128","Doug Christie","2003-04","NBA","2nd"
"129","Jason Kidd","2003-04","NBA","2nd"
"130","Andrei Kirilenko","2003-04","NBA","2nd"
"131","Kobe Bryant","2002-03","NBA","1st"
"132","Doug Christie","2002-03","NBA","1st"
"133","Tim Duncan","2002-03","NBA","1st"
"134","Kevin Garnett","2002-03","NBA","1st"
"135","Ben Wallace","2002-03","NBA","1st"
"136","Metta World Peace","2002-03","NBA","2nd"
"137","Bruce Bowen","2002-03","NBA","2nd"
"138","Jason Kidd","2002-03","NBA","2nd"
"139","Eric Snow","2002-03","NBA","2nd"
"140","Shaquille O'Neal","2002-03","NBA","2nd"
"141","Kevin Garnett","2001-02","NBA","1st"
"142","Jason Kidd","2001-02","NBA","1st"
"143","Gary Payton","2001-02","NBA","1st"
"144","Ben Wallace","2001-02","NBA","1st"
"145","Tim Duncan","2001-02","NBA","1st"
"146","Doug Christie","2001-02","NBA","2nd"
"147","Dikembe Mutombo","2001-02","NBA","2nd"
"148","Kobe Bryant","2001-02","NBA","2nd"
"149","Bruce Bowen","2001-02","NBA","2nd"
"150","Clifford Robinson","2001-02","NBA","2nd"
"151","Gary Payton","2000-01","NBA","1st"
"152","Dikembe Mutombo","2000-01","NBA","1st"
"153","Jason Kidd","2000-01","NBA","1st"
"154","Kevin Garnett","2000-01","NBA","1st"
"155","Tim Duncan","2000-01","NBA","1st"
"156","Kobe Bryant","2000-01","NBA","2nd"
"157","Bruce Bowen","2000-01","NBA","2nd"
"158","P.J. Brown","2000-01","NBA","2nd"
"159","Doug Christie","2000-01","NBA","2nd"
"160","Shaquille O'Neal","2000-01","NBA","2nd"
"161","Gary Payton","1999-00","NBA","1st"
"162","Tim Duncan","1999-00","NBA","1st"
"163","Kobe Bryant","1999-00","NBA","1st"
"164","Alonzo Mourning","1999-00","NBA","1st"
"165","Kevin Garnett","1999-00","NBA","1st"
"166","Scottie Pippen","1999-00","NBA","2nd"
"167","Clifford Robinson","1999-00","NBA","2nd"
"168","Shaquille O'Neal","1999-00","NBA","2nd"
"169","Jason Kidd","1999-00","NBA","2nd"
"170","Eddie Jones","1999-00","NBA","2nd"
"171","Gary Payton","1998-99","NBA","1st"
"172","Alonzo Mourning","1998-99","NBA","1st"
"173","Jason Kidd","1998-99","NBA","1st"
"174","Tim Duncan","1998-99","NBA","1st"
"175","Karl Malone, Scottie Pippen (T)","1998-99","NBA","1st"
"176","Theo Ratliff","1998-99","NBA","2nd"
"177","Eddie Jones","1998-99","NBA","2nd"
"178","P.J. Brown","1998-99","NBA","2nd"
"179","Mookie Blaylock","1998-99","NBA","2nd"
"180","Dikembe Mutombo","1998-99","NBA","2nd"
"181","Michael Jordan","1997-98","NBA","1st"
"182","Karl Malone","1997-98","NBA","1st"
"183","Scottie Pippen","1997-98","NBA","1st"
"184","Gary Payton","1997-98","NBA","1st"
"185","Dikembe Mutombo","1997-98","NBA","1st"
"186","Mookie Blaylock","1997-98","NBA","2nd"
"187","Eddie Jones","1997-98","NBA","2nd"
"188","Charles Oakley","1997-98","NBA","2nd"
"189","David Robinson","1997-98","NBA","2nd"
"190","Tim Duncan","1997-98","NBA","2nd"
"191","Karl Malone","1996-97","NBA","1st"
"192","Michael Jordan","1996-97","NBA","1st"
"193","Gary Payton","1996-97","NBA","1st"
"194","Dikembe Mutombo","1996-97","NBA","1st"
"195","Scottie Pippen","1996-97","NBA","1st"
"196","John Stockton","1996-97","NBA","2nd"
"197","Anthony Mason","1996-97","NBA","2nd"
"198","P.J. Brown","1996-97","NBA","2nd"
"199","Mookie Blaylock","1996-97","NBA","2nd"
"200","Hakeem Olajuwon","1996-97","NBA","2nd"
"201","Gary Payton","1995-96","NBA","1st"
"202","Scottie Pippen","1995-96","NBA","1st"
"203","Dennis Rodman","1995-96","NBA","1st"
"204","Michael Jordan","1995-96","NBA","1st"
"205","David Robinson","1995-96","NBA","1st"
"206","Hakeem Olajuwon","1995-96","NBA","2nd"
"207","Bobby Phills","1995-96","NBA","2nd"
"208","Mookie Blaylock","1995-96","NBA","2nd"
"209","Derrick McKey","1995-96","NBA","2nd"
"210","Horace Grant","1995-96","NBA","2nd"
"211","Dennis Rodman","1994-95","NBA","1st"
"212","David Robinson","1994-95","NBA","1st"
"213","Scottie Pippen","1994-95","NBA","1st"
"214","Mookie Blaylock","1994-95","NBA","1st"
"215","Gary Payton","1994-95","NBA","1st"
"216","Horace Grant","1994-95","NBA","2nd"
"217","Derrick McKey","1994-95","NBA","2nd"
"218","Dikembe Mutombo","1994-95","NBA","2nd"
"219","John Stockton","1994-95","NBA","2nd"
"220","Nate McMillan","1994-95","NBA","2nd"
"221","Scottie Pippen","1993-94","NBA","1st"
"222","Mookie Blaylock","1993-94","NBA","1st"
"223","Charles Oakley","1993-94","NBA","1st"
"224","Hakeem Olajuwon","1993-94","NBA","1st"
"225","Gary Payton","1993-94","NBA","1st"
"226","Dennis Rodman","1993-94","NBA","2nd"
"227","Latrell Sprewell","1993-94","NBA","2nd"
"228","Nate McMillan","1993-94","NBA","2nd"
"229","Horace Grant","1993-94","NBA","2nd"
"230","David Robinson","1993-94","NBA","2nd"
"231","Dennis Rodman","1992-93","NBA","1st"
"232","Scottie Pippen","1992-93","NBA","1st"
"233","Michael Jordan","1992-93","NBA","1st"
"234","Hakeem Olajuwon","1992-93","NBA","1st"
"235","Joe Dumars","1992-93","NBA","1st"
"236","Horace Grant","1992-93","NBA","2nd"
"237","Dan Majerle","1992-93","NBA","2nd"
"238","Larry Nance","1992-93","NBA","2nd"
"239","David Robinson","1992-93","NBA","2nd"
"240","John Starks","1992-93","NBA","2nd"
"241","Scottie Pippen","1991-92","NBA","1st"
"242","Joe Dumars","1991-92","NBA","1st"
"243","Michael Jordan","1991-92","NBA","1st"
"244","David Robinson","1991-92","NBA","1st"
"245","Dennis Rodman","1991-92","NBA","1st"
"246","Patrick Ewing","1991-92","NBA","2nd"
"247","Larry Nance","1991-92","NBA","2nd"
"248","John Stockton","1991-92","NBA","2nd"
"249","Buck Williams","1991-92","NBA","2nd"
"250","Micheal Williams","1991-92","NBA","2nd"
"251","Alvin Robertson","1990-91","NBA","1st"
"252","David Robinson","1990-91","NBA","1st"
"253","Dennis Rodman","1990-91","NBA","1st"
"254","Buck Williams","1990-91","NBA","1st"
"255","Michael Jordan","1990-91","NBA","1st"
"256","Joe Dumars","1990-91","NBA","2nd"
"257","Dan Majerle","1990-91","NBA","2nd"
"258","Scottie Pippen","1990-91","NBA","2nd"
"259","John Stockton","1990-91","NBA","2nd"
"260","Hakeem Olajuwon","1990-91","NBA","2nd"
"261","Michael Jordan","1989-90","NBA","1st"
"262","Joe Dumars","1989-90","NBA","1st"
"263","Hakeem Olajuwon","1989-90","NBA","1st"
"264","Dennis Rodman","1989-90","NBA","1st"
"265","Buck Williams","1989-90","NBA","1st"
"266","Rick Mahorn","1989-90","NBA","2nd"
"267","Alvin Robertson","1989-90","NBA","2nd"
"268","Kevin McHale","1989-90","NBA","2nd"
"269","Derek Harper","1989-90","NBA","2nd"
"270","David Robinson","1989-90","NBA","2nd"
"271","Joe Dumars","1988-89","NBA","1st"
"272","Mark Eaton","1988-89","NBA","1st"
"273","Larry Nance","1988-89","NBA","1st"
"274","Dennis Rodman","1988-89","NBA","1st"
"275","Michael Jordan","1988-89","NBA","1st"
"276","John Stockton","1988-89","NBA","2nd"
"277","Patrick Ewing","1988-89","NBA","2nd"
"278","Alvin Robertson","1988-89","NBA","2nd"
"279","A.C. Green","1988-89","NBA","2nd"
"280","Kevin McHale","1988-89","NBA","2nd"
"281","Rodney McCray","1987-88","NBA","1st"
"282","Hakeem Olajuwon","1987-88","NBA","1st"
"283","Kevin McHale","1987-88","NBA","1st"
"284","Michael Jordan","1987-88","NBA","1st"
"285","Michael Cooper","1987-88","NBA","1st"
"286","Alvin Robertson","1987-88","NBA","2nd"
"287","Karl Malone","1987-88","NBA","2nd"
"288","Buck Williams","1987-88","NBA","2nd"
"289","Fat Lever","1987-88","NBA","2nd"
"290","Mark Eaton, Patrick Ewing (T)","1987-88","NBA","2nd"
"291","Hakeem Olajuwon","1986-87","NBA","1st"
"292","Alvin Robertson","1986-87","NBA","1st"
"293","Dennis Johnson","1986-87","NBA","1st"
"294","Michael Cooper","1986-87","NBA","1st"
"295","Kevin McHale","1986-87","NBA","1st"
"296","Maurice Cheeks","1986-87","NBA","2nd"
"297","Mark Eaton","1986-87","NBA","2nd"
"298","Paul Pressey","1986-87","NBA","2nd"
"299","Rodney McCray","1986-87","NBA","2nd"
"300","Derek Harper","1986-87","NBA","2nd"
"301","Paul Pressey","1985-86","NBA","1st"
"302","Sidney Moncrief","1985-86","NBA","1st"
"303","Maurice Cheeks","1985-86","NBA","1st"
"304","Mark Eaton","1985-86","NBA","1st"
"305","Kevin McHale","1985-86","NBA","1st"
"306","Manute Bol","1985-86","NBA","2nd"
"307","Bill Hanzlik","1985-86","NBA","2nd"
"308","Dennis Johnson","1985-86","NBA","2nd"
"309","Alvin Robertson","1985-86","NBA","2nd"
"310","Michael Cooper","1985-86","NBA","2nd"
"311","Paul Pressey","1984-85","NBA","1st"
"312","Sidney Moncrief","1984-85","NBA","1st"
"313","Mark Eaton","1984-85","NBA","1st"
"314","Michael Cooper","1984-85","NBA","1st"
"315","Maurice Cheeks","1984-85","NBA","1st"
"316","Dennis Johnson","1984-85","NBA","2nd"
"317","Bobby Jones","1984-85","NBA","2nd"
"318","Hakeem Olajuwon","1984-85","NBA","2nd"
"319","T.R. Dunn","1984-85","NBA","2nd"
"320","Danny Vranes","1984-85","NBA","2nd"
"321","Tree Rollins","1983-84","NBA","1st"
"322","Sidney Moncrief","1983-84","NBA","1st"
"323","Bobby Jones","1983-84","NBA","1st"
"324","Michael Cooper","1983-84","NBA","1st"
"325","Maurice Cheeks","1983-84","NBA","1st"
"326","Dennis Johnson","1983-84","NBA","2nd"
"327","T.R. Dunn","1983-84","NBA","2nd"
"328","Larry Bird","1983-84","NBA","2nd"
"329","Kareem Abdul-Jabbar","1983-84","NBA","2nd"
"330","Dan Roundfield","1983-84","NBA","2nd"
"331","Moses Malone","1982-83","NBA","1st"
"332","Bobby Jones","1982-83","NBA","1st"
"333","Sidney Moncrief","1982-83","NBA","1st"
"334","Dan Roundfield","1982-83","NBA","1st"
"335","Maurice Cheeks, Dennis Johnson (T)","1982-83","NBA","1st"
"336","Kevin McHale","1982-83","NBA","2nd"
"337","Tree Rollins","1982-83","NBA","2nd"
"338","T.R. Dunn","1982-83","NBA","2nd"
"339","Michael Cooper","1982-83","NBA","2nd"
"340","Larry Bird","1982-83","NBA","2nd"
"341","Dennis Johnson","1981-82","NBA","1st"
"342","Dan Roundfield","1981-82","NBA","1st"
"343","Michael Cooper","1981-82","NBA","1st"
"344","Caldwell Jones","1981-82","NBA","1st"
"345","Bobby Jones","1981-82","NBA","1st"
"346","Sidney Moncrief","1981-82","NBA","2nd"
"347","Larry Bird","1981-82","NBA","2nd"
"348","Jack Sikma","1981-82","NBA","2nd"
"349","Lonnie Shelton","1981-82","NBA","2nd"
"350","Quinn Buckner","1981-82","NBA","2nd"
"351","Caldwell Jones","1980-81","NBA","1st"
"352","Bobby Jones","1980-81","NBA","1st"
"353","Kareem Abdul-Jabbar","1980-81","NBA","1st"
"354","Dennis Johnson","1980-81","NBA","1st"
"355","Micheal Ray Richardson","1980-81","NBA","1st"
"356","George Johnson","1980-81","NBA","2nd"
"357","Dan Roundfield","1980-81","NBA","2nd"
"358","Quinn Buckner","1980-81","NBA","2nd"
"359","Kermit Washington","1980-81","NBA","2nd"
"360","Dudley Bradley, Michael Cooper (T)","1980-81","NBA","2nd"
"361","Kareem Abdul-Jabbar","1979-80","NBA","1st"
"362","Bobby Jones","1979-80","NBA","1st"
"363","Dan Roundfield","1979-80","NBA","1st"
"364","Dennis Johnson","1979-80","NBA","1st"
"365","Don Buse, Micheal Ray Richardson (T)","1979-80","NBA","1st"
"366","Scott Wedman","1979-80","NBA","2nd"
"367","Quinn Buckner","1979-80","NBA","2nd"
"368","Dave Cowens","1979-80","NBA","2nd"
"369","Kermit Washington","1979-80","NBA","2nd"
"370","Eddie Johnson","1979-80","NBA","2nd"
"371","Bobby Jones","1978-79","NBA","1st"
"372","Dennis Johnson","1978-79","NBA","1st"
"373","Don Buse","1978-79","NBA","1st"
"374","Bob Dandridge","1978-79","NBA","1st"
"375","Kareem Abdul-Jabbar","1978-79","NBA","1st"
"376","M.L. Carr","1978-79","NBA","2nd"
"377","Lionel Hollins","1978-79","NBA","2nd"
"378","Eddie Johnson","1978-79","NBA","2nd"
"379","Maurice Lucas","1978-79","NBA","2nd"
"380","Moses Malone","1978-79","NBA","2nd"
"381","Lionel Hollins","1977-78","NBA","1st"
"382","Bill Walton","1977-78","NBA","1st"
"383","Don Buse","1977-78","NBA","1st"
"384","Maurice Lucas","1977-78","NBA","1st"
"385","Bobby Jones","1977-78","NBA","1st"
"386","Quinn Buckner","1977-78","NBA","2nd"
"387","E.C. Coleman","1977-78","NBA","2nd"
"388","Bob Gross","1977-78","NBA","2nd"
"389","Norm Van Lier","1977-78","NBA","2nd"
"390","Kareem Abdul-Jabbar, Artis Gilmore (T)","1977-78","NBA","2nd"
"391","E.C. Coleman","1976-77","NBA","1st"
"392","Bill Walton","1976-77","NBA","1st"
"393","Norm Van Lier","1976-77","NBA","1st"
"394","Bobby Jones","1976-77","NBA","1st"
"395","Don Buse","1976-77","NBA","1st"
"396","Kareem Abdul-Jabbar","1976-77","NBA","2nd"
"397","Jim Brewer","1976-77","NBA","2nd"
"398","Don Chaney","1976-77","NBA","2nd"
"399","Brian Taylor","1976-77","NBA","2nd"
"400","Jamaal Wilkes","1976-77","NBA","2nd"
"401","Slick Watts","1975-76","NBA","1st"
"402","Dave Cowens","1975-76","NBA","1st"
"403","John Havlicek","1975-76","NBA","1st"
"404","Paul Silas","1975-76","NBA","1st"
"405","Norm Van Lier","1975-76","NBA","1st"
"406","Kareem Abdul-Jabbar","1975-76","NBA","2nd"
"407","Jamaal Wilkes","1975-76","NBA","2nd"
"408","Phil Smith","1975-76","NBA","2nd"
"409","Jim Cleamons","1975-76","NBA","2nd"
"410","Jim Brewer","1975-76","NBA","2nd"
"411","Bobby Jones","1975-76","ABA","1st"
"412","Artis Gilmore","1975-76","ABA","1st"
"413","Julius Erving","1975-76","ABA","1st"
"414","Don Buse","1975-76","ABA","1st"
"415","Brian Taylor","1975-76","ABA","1st"
"416","","1975-76","ABA","2nd"
"417","","1975-76","ABA","2nd"
"418","","1975-76","ABA","2nd"
"419","","1975-76","ABA","2nd"
"420","","1975-76","ABA","2nd"
"421","John Havlicek","1974-75","NBA","1st"
"422","Paul Silas","1974-75","NBA","1st"
"423","Jerry Sloan","1974-75","NBA","1st"
"424","Kareem Abdul-Jabbar","1974-75","NBA","1st"
"425","Walt Frazier","1974-75","NBA","1st"
"426","Elvin Hayes","1974-75","NBA","2nd"
"427","Norm Van Lier","1974-75","NBA","2nd"
"428","Bob Love","1974-75","NBA","2nd"
"429","Dave Cowens","1974-75","NBA","2nd"
"430","Don Chaney","1974-75","NBA","2nd"
"431","Artis Gilmore","1974-75","ABA","1st"
"432","Bobby Jones","1974-75","ABA","1st"
"433","Brian Taylor","1974-75","ABA","1st"
"434","Wil Jones","1974-75","ABA","1st"
"435","Don Buse","1974-75","ABA","1st"
"436","","1974-75","ABA","2nd"
"437","","1974-75","ABA","2nd"
"438","","1974-75","ABA","2nd"
"439","","1974-75","ABA","2nd"
"440","","1974-75","ABA","2nd"
"441","Kareem Abdul-Jabbar","1973-74","NBA","1st"
"442","Dave DeBusschere","1973-74","NBA","1st"
"443","John Havlicek","1973-74","NBA","1st"
"444","Norm Van Lier","1973-74","NBA","1st"
"445","Walt Frazier, Jerry Sloan (T)","1973-74","NBA","1st"
"446","Elvin Hayes","1973-74","NBA","2nd"
"447","Don Chaney","1973-74","NBA","2nd"
"448","Nate Thurmond","1973-74","NBA","2nd"
"449","Bob Love","1973-74","NBA","2nd"
"450","Jim Price, Dick Van Arsdale (T)","1973-74","NBA","2nd"
"451","Ted McClain","1973-74","ABA","1st"
"452","Willie Wise","1973-74","ABA","1st"
"453","Julius Keye","1973-74","ABA","1st"
"454","Artis Gilmore","1973-74","ABA","1st"
"455","Fatty Taylor, Mike Gale (T)","1973-74","ABA","1st"
"456","","1973-74","ABA","2nd"
"457","","1973-74","ABA","2nd"
"458","","1973-74","ABA","2nd"
"459","","1973-74","ABA","2nd"
"460","","1973-74","ABA","2nd"
"461","Walt Frazier","1972-73","NBA","1st"
"462","Wilt Chamberlain","1972-73","NBA","1st"
"463","John Havlicek","1972-73","NBA","1st"
"464","Jerry West","1972-73","NBA","1st"
"465","Dave DeBusschere","1972-73","NBA","1st"
"466","Don Chaney","1972-73","NBA","2nd"
"467","Norm Van Lier","1972-73","NBA","2nd"
"468","Nate Thurmond","1972-73","NBA","2nd"
"469","Paul Silas","1972-73","NBA","2nd"
"470","Mike Riordan","1972-73","NBA","2nd"
"471","Artis Gilmore","1972-73","ABA","1st"
"472","Fatty Taylor","1972-73","ABA","1st"
"473","Willie Wise","1972-73","ABA","1st"
"474","Mike Gale","1972-73","ABA","1st"
"475","Joe Caldwell, Julius Keye (T)","1972-73","ABA","1st"
"476","","1972-73","ABA","2nd"
"477","","1972-73","ABA","2nd"
"478","","1972-73","ABA","2nd"
"479","","1972-73","ABA","2nd"
"480","","1972-73","ABA","2nd"
"481","Wilt Chamberlain","1971-72","NBA","1st"
"482","Dave DeBusschere","1971-72","NBA","1st"
"483","John Havlicek","1971-72","NBA","1st"
"484","Jerry West","1971-72","NBA","1st"
"485","Walt Frazier, Jerry Sloan (T)","1971-72","NBA","1st"
"486","Paul Silas","1971-72","NBA","2nd"
"487","Norm Van Lier","1971-72","NBA","2nd"
"488","Nate Thurmond","1971-72","NBA","2nd"
"489","Bob Love","1971-72","NBA","2nd"
"490","Don Chaney","1971-72","NBA","2nd"
"491","Jerry West","1970-71","NBA","1st"
"492","Nate Thurmond","1970-71","NBA","1st"
"493","Gus Johnson","1970-71","NBA","1st"
"494","Walt Frazier","1970-71","NBA","1st"
"495","Dave DeBusschere","1970-71","NBA","1st"
"496","Norm Van Lier","1970-71","NBA","2nd"
"497","Jerry Sloan","1970-71","NBA","2nd"
"498","Paul Silas","1970-71","NBA","2nd"
"499","John Havlicek","1970-71","NBA","2nd"
"500","Kareem Abdul-Jabbar","1970-71","NBA","2nd"
"501","Willis Reed","1969-70","NBA","1st"
"502","Jerry West","1969-70","NBA","1st"
"503","Gus Johnson","1969-70","NBA","1st"
"504","Walt Frazier","1969-70","NBA","1st"
"505","Dave DeBusschere","1969-70","NBA","1st"
"506","Kareem Abdul-Jabbar","1969-70","NBA","2nd"
"507","Joe Caldwell","1969-70","NBA","2nd"
"508","Bill Bridges","1969-70","NBA","2nd"
"509","Jerry Sloan","1969-70","NBA","2nd"
"510","John Havlicek","1969-70","NBA","2nd"
"511","Nate Thurmond","1968-69","NBA","1st"
"512","Dave DeBusschere","1968-69","NBA","1st"
"513","Walt Frazier","1968-69","NBA","1st"
"514","Bill Russell","1968-69","NBA","1st"
"515","Jerry Sloan","1968-69","NBA","1st"
"516","Tom Sanders","1968-69","NBA","2nd"
"517","Rudy LaRusso","1968-69","NBA","2nd"
"518","John Havlicek","1968-69","NBA","2nd"
"519","Bill Bridges","1968-69","NBA","2nd"
"520","Jerry West","1968-69","NBA","2nd"
