"","NAME","SEASON","LEAGUE","TEAM"
"1","DeAndre Jordan C","2015-16","NBA","1st"
"2","Kawhi Leonard F","2015-16","NBA","1st"
"3","LeBron James F","2015-16","NBA","1st"
"4","Stephen Curry G","2015-16","NBA","1st"
"5","Russell Westbrook G","2015-16","NBA","1st"
"6","DeMarcus Cousins C","2015-16","NBA","2nd"
"7","Kevin Durant F","2015-16","NBA","2nd"
"8","Draymond Green F","2015-16","NBA","2nd"
"9","Damian Lillard G","2015-16","NBA","2nd"
"10","Chris Paul G","2015-16","NBA","2nd"
"11","Andre Drummond C","2015-16","NBA","3rd"
"12","Paul George F","2015-16","NBA","3rd"
"13","LaMarcus Aldridge F","2015-16","NBA","3rd"
"14","Kyle Lowry G","2015-16","NBA","3rd"
"15","Klay Thompson G","2015-16","NBA","3rd"
"16","Marc Gasol C","2014-15","NBA","1st"
"17","LeBron James F","2014-15","NBA","1st"
"18","Anthony Davis F","2014-15","NBA","1st"
"19","Stephen Curry G","2014-15","NBA","1st"
"20","James Harden G","2014-15","NBA","1st"
"21","DeMarcus Cousins C","2014-15","NBA","2nd"
"22","Pau Gasol C","2014-15","NBA","2nd"
"23","LaMarcus Aldridge F","2014-15","NBA","2nd"
"24","Chris Paul G","2014-15","NBA","2nd"
"25","Russell Westbrook G","2014-15","NBA","2nd"
"26","DeAndre Jordan C","2014-15","NBA","3rd"
"27","Blake Griffin F","2014-15","NBA","3rd"
"28","Tim Duncan F","2014-15","NBA","3rd"
"29","Klay Thompson G","2014-15","NBA","3rd"
"30","Kyrie Irving G","2014-15","NBA","3rd"
"31","Joakim Noah C","2013-14","NBA","1st"
"32","Kevin Durant F","2013-14","NBA","1st"
"33","LeBron James F","2013-14","NBA","1st"
"34","James Harden G","2013-14","NBA","1st"
"35","Chris Paul G","2013-14","NBA","1st"
"36","Dwight Howard C","2013-14","NBA","2nd"
"37","Blake Griffin F","2013-14","NBA","2nd"
"38","Kevin Love F","2013-14","NBA","2nd"
"39","Tony Parker G","2013-14","NBA","2nd"
"40","Stephen Curry G","2013-14","NBA","2nd"
"41","Al Jefferson C","2013-14","NBA","3rd"
"42","LaMarcus Aldridge F","2013-14","NBA","3rd"
"43","Paul George F","2013-14","NBA","3rd"
"44","Goran Dragic G","2013-14","NBA","3rd"
"45","Damian Lillard G","2013-14","NBA","3rd"
"46","Tim Duncan C","2012-13","NBA","1st"
"47","Kevin Durant F","2012-13","NBA","1st"
"48","LeBron James F","2012-13","NBA","1st"
"49","Chris Paul G","2012-13","NBA","1st"
"50","Kobe Bryant G","2012-13","NBA","1st"
"51","Marc Gasol C","2012-13","NBA","2nd"
"52","Carmelo Anthony F","2012-13","NBA","2nd"
"53","Blake Griffin F","2012-13","NBA","2nd"
"54","Russell Westbrook G","2012-13","NBA","2nd"
"55","Tony Parker G","2012-13","NBA","2nd"
"56","Dwight Howard C","2012-13","NBA","3rd"
"57","Paul George F","2012-13","NBA","3rd"
"58","David Lee F","2012-13","NBA","3rd"
"59","Dwyane Wade G","2012-13","NBA","3rd"
"60","James Harden G","2012-13","NBA","3rd"
"61","Dwight Howard C","2011-12","NBA","1st"
"62","LeBron James F","2011-12","NBA","1st"
"63","Kevin Durant F","2011-12","NBA","1st"
"64","Kobe Bryant G","2011-12","NBA","1st"
"65","Chris Paul G","2011-12","NBA","1st"
"66","Andrew Bynum C","2011-12","NBA","2nd"
"67","Blake Griffin F","2011-12","NBA","2nd"
"68","Kevin Love F","2011-12","NBA","2nd"
"69","Russell Westbrook G","2011-12","NBA","2nd"
"70","Tony Parker G","2011-12","NBA","2nd"
"71","Tyson Chandler C","2011-12","NBA","3rd"
"72","Carmelo Anthony F","2011-12","NBA","3rd"
"73","Dirk Nowitzki F","2011-12","NBA","3rd"
"74","Dwyane Wade G","2011-12","NBA","3rd"
"75","Rajon Rondo G","2011-12","NBA","3rd"
"76","Dwight Howard C","2010-11","NBA","1st"
"77","Kevin Durant F","2010-11","NBA","1st"
"78","LeBron James F","2010-11","NBA","1st"
"79","Kobe Bryant G","2010-11","NBA","1st"
"80","Derrick Rose G","2010-11","NBA","1st"
"81","Amar'e Stoudemire C","2010-11","NBA","2nd"
"82","Dirk Nowitzki F","2010-11","NBA","2nd"
"83","Pau Gasol F","2010-11","NBA","2nd"
"84","Dwyane Wade G","2010-11","NBA","2nd"
"85","Russell Westbrook G","2010-11","NBA","2nd"
"86","Al Horford C","2010-11","NBA","3rd"
"87","Zach Randolph F","2010-11","NBA","3rd"
"88","LaMarcus Aldridge F","2010-11","NBA","3rd"
"89","Manu Ginobili G","2010-11","NBA","3rd"
"90","Chris Paul G","2010-11","NBA","3rd"
"91","Dwight Howard C","2009-10","NBA","1st"
"92","Kevin Durant F","2009-10","NBA","1st"
"93","LeBron James F","2009-10","NBA","1st"
"94","Dwyane Wade G","2009-10","NBA","1st"
"95","Kobe Bryant G","2009-10","NBA","1st"
"96","Amar'e Stoudemire C","2009-10","NBA","2nd"
"97","Dirk Nowitzki F","2009-10","NBA","2nd"
"98","Carmelo Anthony F","2009-10","NBA","2nd"
"99","Steve Nash G","2009-10","NBA","2nd"
"100","Deron Williams G","2009-10","NBA","2nd"
"101","Andrew Bogut C","2009-10","NBA","3rd"
"102","Tim Duncan F","2009-10","NBA","3rd"
"103","Pau Gasol F","2009-10","NBA","3rd"
"104","Joe Johnson G","2009-10","NBA","3rd"
"105","Brandon Roy G","2009-10","NBA","3rd"
"106","Dwight Howard C","2008-09","NBA","1st"
"107","LeBron James F","2008-09","NBA","1st"
"108","Dirk Nowitzki F","2008-09","NBA","1st"
"109","Dwyane Wade G","2008-09","NBA","1st"
"110","Kobe Bryant G","2008-09","NBA","1st"
"111","Yao Ming C","2008-09","NBA","2nd"
"112","Paul Pierce F","2008-09","NBA","2nd"
"113","Tim Duncan F","2008-09","NBA","2nd"
"114","Chris Paul G","2008-09","NBA","2nd"
"115","Brandon Roy G","2008-09","NBA","2nd"
"116","Shaquille O'Neal C","2008-09","NBA","3rd"
"117","Pau Gasol F","2008-09","NBA","3rd"
"118","Carmelo Anthony F","2008-09","NBA","3rd"
"119","Chauncey Billups G","2008-09","NBA","3rd"
"120","Tony Parker G","2008-09","NBA","3rd"
"121","Dwight Howard C","2007-08","NBA","1st"
"122","LeBron James F","2007-08","NBA","1st"
"123","Kevin Garnett F","2007-08","NBA","1st"
"124","Chris Paul G","2007-08","NBA","1st"
"125","Kobe Bryant G","2007-08","NBA","1st"
"126","Amar'e Stoudemire C","2007-08","NBA","2nd"
"127","Tim Duncan F","2007-08","NBA","2nd"
"128","Dirk Nowitzki F","2007-08","NBA","2nd"
"129","Deron Williams G","2007-08","NBA","2nd"
"130","Steve Nash G","2007-08","NBA","2nd"
"131","Yao Ming C","2007-08","NBA","3rd"
"132","Carlos Boozer F","2007-08","NBA","3rd"
"133","Paul Pierce F","2007-08","NBA","3rd"
"134","Manu Ginobili G","2007-08","NBA","3rd"
"135","Tracy McGrady G","2007-08","NBA","3rd"
"136","Amar'e Stoudemire C","2006-07","NBA","1st"
"137","Dirk Nowitzki F","2006-07","NBA","1st"
"138","Tim Duncan F","2006-07","NBA","1st"
"139","Steve Nash G","2006-07","NBA","1st"
"140","Kobe Bryant G","2006-07","NBA","1st"
"141","Yao Ming C","2006-07","NBA","2nd"
"142","Chris Bosh F","2006-07","NBA","2nd"
"143","LeBron James F","2006-07","NBA","2nd"
"144","Tracy McGrady G","2006-07","NBA","2nd"
"145","Gilbert Arenas G","2006-07","NBA","2nd"
"146","Dwight Howard C","2006-07","NBA","3rd"
"147","Kevin Garnett F","2006-07","NBA","3rd"
"148","Carmelo Anthony F","2006-07","NBA","3rd"
"149","Chauncey Billups G","2006-07","NBA","3rd"
"150","Dwyane Wade G","2006-07","NBA","3rd"
"151","Shaquille O'Neal C","2005-06","NBA","1st"
"152","LeBron James F","2005-06","NBA","1st"
"153","Dirk Nowitzki F","2005-06","NBA","1st"
"154","Steve Nash G","2005-06","NBA","1st"
"155","Kobe Bryant G","2005-06","NBA","1st"
"156","Ben Wallace C","2005-06","NBA","2nd"
"157","Tim Duncan F","2005-06","NBA","2nd"
"158","Elton Brand F","2005-06","NBA","2nd"
"159","Dwyane Wade G","2005-06","NBA","2nd"
"160","Chauncey Billups G","2005-06","NBA","2nd"
"161","Yao Ming C","2005-06","NBA","3rd"
"162","Carmelo Anthony F","2005-06","NBA","3rd"
"163","Shawn Marion F","2005-06","NBA","3rd"
"164","Allen Iverson G","2005-06","NBA","3rd"
"165","Gilbert Arenas G","2005-06","NBA","3rd"
"166","Shaquille O'Neal C","2004-05","NBA","1st"
"167","Dirk Nowitzki F","2004-05","NBA","1st"
"168","Tim Duncan F","2004-05","NBA","1st"
"169","Steve Nash G","2004-05","NBA","1st"
"170","Allen Iverson G","2004-05","NBA","1st"
"171","Amar'e Stoudemire C","2004-05","NBA","2nd"
"172","LeBron James F","2004-05","NBA","2nd"
"173","Kevin Garnett F","2004-05","NBA","2nd"
"174","Dwyane Wade G","2004-05","NBA","2nd"
"175","Ray Allen G","2004-05","NBA","2nd"
"176","Ben Wallace C","2004-05","NBA","3rd"
"177","Tracy McGrady F","2004-05","NBA","3rd"
"178","Shawn Marion F","2004-05","NBA","3rd"
"179","Kobe Bryant G","2004-05","NBA","3rd"
"180","Gilbert Arenas G","2004-05","NBA","3rd"
"181","Shaquille O'Neal C","2003-04","NBA","1st"
"182","Tim Duncan F","2003-04","NBA","1st"
"183","Kevin Garnett F","2003-04","NBA","1st"
"184","Kobe Bryant G","2003-04","NBA","1st"
"185","Jason Kidd G","2003-04","NBA","1st"
"186","Ben Wallace C","2003-04","NBA","2nd"
"187","Jermaine O'Neal F","2003-04","NBA","2nd"
"188","Peja Stojakovic F","2003-04","NBA","2nd"
"189","Tracy McGrady G","2003-04","NBA","2nd"
"190","Sam Cassell G","2003-04","NBA","2nd"
"191","Yao Ming C","2003-04","NBA","3rd"
"192","Dirk Nowitzki F","2003-04","NBA","3rd"
"193","Metta World Peace F","2003-04","NBA","3rd"
"194","Baron Davis G","2003-04","NBA","3rd"
"195","Michael Redd G","2003-04","NBA","3rd"
"196","Shaquille O'Neal C","2002-03","NBA","1st"
"197","Kevin Garnett F","2002-03","NBA","1st"
"198","Tim Duncan F","2002-03","NBA","1st"
"199","Tracy McGrady G","2002-03","NBA","1st"
"200","Kobe Bryant G","2002-03","NBA","1st"
"201","Ben Wallace C","2002-03","NBA","2nd"
"202","Dirk Nowitzki F","2002-03","NBA","2nd"
"203","Chris Webber F","2002-03","NBA","2nd"
"204","Jason Kidd G","2002-03","NBA","2nd"
"205","Allen Iverson G","2002-03","NBA","2nd"
"206","Jermaine O'Neal C","2002-03","NBA","3rd"
"207","Paul Pierce F","2002-03","NBA","3rd"
"208","Jamal Mashburn F","2002-03","NBA","3rd"
"209","Steve Nash G","2002-03","NBA","3rd"
"210","Stephon Marbury G","2002-03","NBA","3rd"
"211","Shaquille O'Neal C","2001-02","NBA","1st"
"212","Tracy McGrady F","2001-02","NBA","1st"
"213","Tim Duncan F","2001-02","NBA","1st"
"214","Kobe Bryant G","2001-02","NBA","1st"
"215","Jason Kidd G","2001-02","NBA","1st"
"216","Dirk Nowitzki C","2001-02","NBA","2nd"
"217","Chris Webber F","2001-02","NBA","2nd"
"218","Kevin Garnett F","2001-02","NBA","2nd"
"219","Gary Payton G","2001-02","NBA","2nd"
"220","Allen Iverson G","2001-02","NBA","2nd"
"221","Dikembe Mutombo C","2001-02","NBA","3rd"
"222","Ben Wallace F","2001-02","NBA","3rd"
"223","Jermaine O'Neal F","2001-02","NBA","3rd"
"224","Paul Pierce G","2001-02","NBA","3rd"
"225","Steve Nash G","2001-02","NBA","3rd"
"226","Shaquille O'Neal C","2000-01","NBA","1st"
"227","Tim Duncan F","2000-01","NBA","1st"
"228","Chris Webber F","2000-01","NBA","1st"
"229","Allen Iverson G","2000-01","NBA","1st"
"230","Jason Kidd G","2000-01","NBA","1st"
"231","Dikembe Mutombo C","2000-01","NBA","2nd"
"232","Vince Carter F","2000-01","NBA","2nd"
"233","Kevin Garnett F","2000-01","NBA","2nd"
"234","Kobe Bryant G","2000-01","NBA","2nd"
"235","Tracy McGrady G","2000-01","NBA","2nd"
"236","David Robinson C","2000-01","NBA","3rd"
"237","Dirk Nowitzki F","2000-01","NBA","3rd"
"238","Karl Malone F","2000-01","NBA","3rd"
"239","Gary Payton G","2000-01","NBA","3rd"
"240","Ray Allen G","2000-01","NBA","3rd"
"241","Shaquille O'Neal C","1999-00","NBA","1st"
"242","Tim Duncan F","1999-00","NBA","1st"
"243","Kevin Garnett F","1999-00","NBA","1st"
"244","Gary Payton G","1999-00","NBA","1st"
"245","Jason Kidd G","1999-00","NBA","1st"
"246","Alonzo Mourning C","1999-00","NBA","2nd"
"247","Grant Hill F","1999-00","NBA","2nd"
"248","Karl Malone F","1999-00","NBA","2nd"
"249","Allen Iverson G","1999-00","NBA","2nd"
"250","Kobe Bryant G","1999-00","NBA","2nd"
"251","David Robinson C","1999-00","NBA","3rd"
"252","Chris Webber F","1999-00","NBA","3rd"
"253","Vince Carter F","1999-00","NBA","3rd"
"254","Stephon Marbury G","1999-00","NBA","3rd"
"255","Eddie Jones G","1999-00","NBA","3rd"
"256","Alonzo Mourning C","1998-99","NBA","1st"
"257","Tim Duncan F","1998-99","NBA","1st"
"258","Karl Malone F","1998-99","NBA","1st"
"259","Jason Kidd G","1998-99","NBA","1st"
"260","Allen Iverson G","1998-99","NBA","1st"
"261","Shaquille O'Neal C","1998-99","NBA","2nd"
"262","Chris Webber F","1998-99","NBA","2nd"
"263","Grant Hill F","1998-99","NBA","2nd"
"264","Tim Hardaway G","1998-99","NBA","2nd"
"265","Gary Payton G","1998-99","NBA","2nd"
"266","Hakeem Olajuwon C","1998-99","NBA","3rd"
"267","Antonio McDyess F","1998-99","NBA","3rd"
"268","Kevin Garnett F","1998-99","NBA","3rd"
"269","John Stockton G","1998-99","NBA","3rd"
"270","Kobe Bryant G","1998-99","NBA","3rd"
"271","Shaquille O'Neal C","1997-98","NBA","1st"
"272","Tim Duncan F","1997-98","NBA","1st"
"273","Karl Malone F","1997-98","NBA","1st"
"274","Gary Payton G","1997-98","NBA","1st"
"275","Michael Jordan G","1997-98","NBA","1st"
"276","David Robinson C","1997-98","NBA","2nd"
"277","Vin Baker F","1997-98","NBA","2nd"
"278","Grant Hill F","1997-98","NBA","2nd"
"279","Rod Strickland G","1997-98","NBA","2nd"
"280","Tim Hardaway G","1997-98","NBA","2nd"
"281","Dikembe Mutombo C","1997-98","NBA","3rd"
"282","Glen Rice F","1997-98","NBA","3rd"
"283","Scottie Pippen F","1997-98","NBA","3rd"
"284","Reggie Miller G","1997-98","NBA","3rd"
"285","Mitch Richmond G","1997-98","NBA","3rd"
"286","Hakeem Olajuwon C","1996-97","NBA","1st"
"287","Karl Malone F","1996-97","NBA","1st"
"288","Grant Hill F","1996-97","NBA","1st"
"289","Tim Hardaway G","1996-97","NBA","1st"
"290","Michael Jordan G","1996-97","NBA","1st"
"291","Patrick Ewing C","1996-97","NBA","2nd"
"292","Scottie Pippen F","1996-97","NBA","2nd"
"293","Glen Rice F","1996-97","NBA","2nd"
"294","Mitch Richmond G","1996-97","NBA","2nd"
"295","Gary Payton G","1996-97","NBA","2nd"
"296","Shaquille O'Neal C","1996-97","NBA","3rd"
"297","Vin Baker F","1996-97","NBA","3rd"
"298","Anthony Mason F","1996-97","NBA","3rd"
"299","Anfernee Hardaway G","1996-97","NBA","3rd"
"300","John Stockton G","1996-97","NBA","3rd"
"301","David Robinson C","1995-96","NBA","1st"
"302","Scottie Pippen F","1995-96","NBA","1st"
"303","Karl Malone F","1995-96","NBA","1st"
"304","Michael Jordan G","1995-96","NBA","1st"
"305","Anfernee Hardaway G","1995-96","NBA","1st"
"306","Hakeem Olajuwon C","1995-96","NBA","2nd"
"307","Shawn Kemp F","1995-96","NBA","2nd"
"308","Grant Hill F","1995-96","NBA","2nd"
"309","John Stockton G","1995-96","NBA","2nd"
"310","Gary Payton G","1995-96","NBA","2nd"
"311","Shaquille O'Neal C","1995-96","NBA","3rd"
"312","Charles Barkley F","1995-96","NBA","3rd"
"313","Juwan Howard F","1995-96","NBA","3rd"
"314","Mitch Richmond G","1995-96","NBA","3rd"
"315","Reggie Miller G","1995-96","NBA","3rd"
"316","David Robinson C","1994-95","NBA","1st"
"317","Scottie Pippen F","1994-95","NBA","1st"
"318","Karl Malone F","1994-95","NBA","1st"
"319","John Stockton G","1994-95","NBA","1st"
"320","Anfernee Hardaway G","1994-95","NBA","1st"
"321","Shaquille O'Neal C","1994-95","NBA","2nd"
"322","Shawn Kemp F","1994-95","NBA","2nd"
"323","Charles Barkley F","1994-95","NBA","2nd"
"324","Mitch Richmond G","1994-95","NBA","2nd"
"325","Gary Payton G","1994-95","NBA","2nd"
"326","Hakeem Olajuwon C","1994-95","NBA","3rd"
"327","Detlef Schrempf F","1994-95","NBA","3rd"
"328","Dennis Rodman F","1994-95","NBA","3rd"
"329","Clyde Drexler G","1994-95","NBA","3rd"
"330","Reggie Miller G","1994-95","NBA","3rd"
"331","Hakeem Olajuwon C","1993-94","NBA","1st"
"332","Karl Malone F","1993-94","NBA","1st"
"333","Scottie Pippen F","1993-94","NBA","1st"
"334","Latrell Sprewell G","1993-94","NBA","1st"
"335","John Stockton G","1993-94","NBA","1st"
"336","David Robinson C","1993-94","NBA","2nd"
"337","Charles Barkley F","1993-94","NBA","2nd"
"338","Shawn Kemp F","1993-94","NBA","2nd"
"339","Kevin Johnson G","1993-94","NBA","2nd"
"340","Mitch Richmond G","1993-94","NBA","2nd"
"341","Shaquille O'Neal C","1993-94","NBA","3rd"
"342","Derrick Coleman F","1993-94","NBA","3rd"
"343","Dominique Wilkins F","1993-94","NBA","3rd"
"344","Mark Price G","1993-94","NBA","3rd"
"345","Gary Payton G","1993-94","NBA","3rd"
"346","Hakeem Olajuwon C","1992-93","NBA","1st"
"347","Karl Malone F","1992-93","NBA","1st"
"348","Charles Barkley F","1992-93","NBA","1st"
"349","Michael Jordan G","1992-93","NBA","1st"
"350","Mark Price G","1992-93","NBA","1st"
"351","Patrick Ewing C","1992-93","NBA","2nd"
"352","Larry Johnson F","1992-93","NBA","2nd"
"353","Dominique Wilkins F","1992-93","NBA","2nd"
"354","Joe Dumars G","1992-93","NBA","2nd"
"355","John Stockton G","1992-93","NBA","2nd"
"356","David Robinson C","1992-93","NBA","3rd"
"357","Scottie Pippen F","1992-93","NBA","3rd"
"358","Derrick Coleman F","1992-93","NBA","3rd"
"359","Drazen Petrovic G","1992-93","NBA","3rd"
"360","Tim Hardaway G","1992-93","NBA","3rd"
"361","David Robinson C","1991-92","NBA","1st"
"362","Chris Mullin F","1991-92","NBA","1st"
"363","Karl Malone F","1991-92","NBA","1st"
"364","Clyde Drexler G","1991-92","NBA","1st"
"365","Michael Jordan G","1991-92","NBA","1st"
"366","Patrick Ewing C","1991-92","NBA","2nd"
"367","Scottie Pippen F","1991-92","NBA","2nd"
"368","Charles Barkley F","1991-92","NBA","2nd"
"369","John Stockton G","1991-92","NBA","2nd"
"370","Tim Hardaway G","1991-92","NBA","2nd"
"371","Brad Daugherty C","1991-92","NBA","3rd"
"372","Dennis Rodman F","1991-92","NBA","3rd"
"373","Kevin Willis F","1991-92","NBA","3rd"
"374","Kevin Johnson G","1991-92","NBA","3rd"
"375","Mark Price G","1991-92","NBA","3rd"
"376","David Robinson C","1990-91","NBA","1st"
"377","Charles Barkley F","1990-91","NBA","1st"
"378","Karl Malone F","1990-91","NBA","1st"
"379","Magic Johnson G","1990-91","NBA","1st"
"380","Michael Jordan G","1990-91","NBA","1st"
"381","Patrick Ewing C","1990-91","NBA","2nd"
"382","Dominique Wilkins F","1990-91","NBA","2nd"
"383","Chris Mullin F","1990-91","NBA","2nd"
"384","Clyde Drexler G","1990-91","NBA","2nd"
"385","Kevin Johnson G","1990-91","NBA","2nd"
"386","Hakeem Olajuwon C","1990-91","NBA","3rd"
"387","James Worthy F","1990-91","NBA","3rd"
"388","Bernard King F","1990-91","NBA","3rd"
"389","John Stockton G","1990-91","NBA","3rd"
"390","Joe Dumars G","1990-91","NBA","3rd"
"391","Patrick Ewing C","1989-90","NBA","1st"
"392","Karl Malone F","1989-90","NBA","1st"
"393","Charles Barkley F","1989-90","NBA","1st"
"394","Michael Jordan G","1989-90","NBA","1st"
"395","Magic Johnson G","1989-90","NBA","1st"
"396","Hakeem Olajuwon C","1989-90","NBA","2nd"
"397","Larry Bird F","1989-90","NBA","2nd"
"398","Tom Chambers F","1989-90","NBA","2nd"
"399","John Stockton G","1989-90","NBA","2nd"
"400","Kevin Johnson G","1989-90","NBA","2nd"
"401","David Robinson C","1989-90","NBA","3rd"
"402","James Worthy F","1989-90","NBA","3rd"
"403","Chris Mullin F","1989-90","NBA","3rd"
"404","Clyde Drexler G","1989-90","NBA","3rd"
"405","Joe Dumars G","1989-90","NBA","3rd"
"406","Hakeem Olajuwon C","1988-89","NBA","1st"
"407","Charles Barkley F","1988-89","NBA","1st"
"408","Karl Malone F","1988-89","NBA","1st"
"409","Michael Jordan G","1988-89","NBA","1st"
"410","Magic Johnson G","1988-89","NBA","1st"
"411","Patrick Ewing C","1988-89","NBA","2nd"
"412","Chris Mullin F","1988-89","NBA","2nd"
"413","Tom Chambers F","1988-89","NBA","2nd"
"414","John Stockton G","1988-89","NBA","2nd"
"415","Kevin Johnson G","1988-89","NBA","2nd"
"416","Robert Parish C","1988-89","NBA","3rd"
"417","Terry Cummings F","1988-89","NBA","3rd"
"418","Dominique Wilkins F","1988-89","NBA","3rd"
"419","Dale Ellis G","1988-89","NBA","3rd"
"420","Mark Price G","1988-89","NBA","3rd"
"421","Hakeem Olajuwon C","1987-88","NBA","1st"
"422","Larry Bird F","1987-88","NBA","1st"
"423","Charles Barkley F","1987-88","NBA","1st"
"424","Magic Johnson G","1987-88","NBA","1st"
"425","Michael Jordan G","1987-88","NBA","1st"
"426","Patrick Ewing C","1987-88","NBA","2nd"
"427","Karl Malone F","1987-88","NBA","2nd"
"428","Dominique Wilkins F","1987-88","NBA","2nd"
"429","John Stockton G","1987-88","NBA","2nd"
"430","Clyde Drexler G","1987-88","NBA","2nd"
"431","Hakeem Olajuwon C","1986-87","NBA","1st"
"432","Kevin McHale F","1986-87","NBA","1st"
"433","Larry Bird F","1986-87","NBA","1st"
"434","Michael Jordan G","1986-87","NBA","1st"
"435","Magic Johnson G","1986-87","NBA","1st"
"436","Moses Malone C","1986-87","NBA","2nd"
"437","Charles Barkley F","1986-87","NBA","2nd"
"438","Dominique Wilkins F","1986-87","NBA","2nd"
"439","Fat Lever G","1986-87","NBA","2nd"
"440","Isiah Thomas G","1986-87","NBA","2nd"
"441","Kareem Abdul-Jabbar C","1985-86","NBA","1st"
"442","Larry Bird F","1985-86","NBA","1st"
"443","Dominique Wilkins F","1985-86","NBA","1st"
"444","Magic Johnson G","1985-86","NBA","1st"
"445","Isiah Thomas G","1985-86","NBA","1st"
"446","Hakeem Olajuwon C","1985-86","NBA","2nd"
"447","Charles Barkley F","1985-86","NBA","2nd"
"448","Alex English F","1985-86","NBA","2nd"
"449","Sidney Moncrief G","1985-86","NBA","2nd"
"450","Alvin Robertson G","1985-86","NBA","2nd"
"451","Moses Malone C","1984-85","NBA","1st"
"452","Larry Bird F","1984-85","NBA","1st"
"453","Bernard King F","1984-85","NBA","1st"
"454","Isiah Thomas G","1984-85","NBA","1st"
"455","Magic Johnson G","1984-85","NBA","1st"
"456","Kareem Abdul-Jabbar C","1984-85","NBA","2nd"
"457","Ralph Sampson F","1984-85","NBA","2nd"
"458","Terry Cummings F","1984-85","NBA","2nd"
"459","Michael Jordan G","1984-85","NBA","2nd"
"460","Sidney Moncrief G","1984-85","NBA","2nd"
"461","Kareem Abdul-Jabbar C","1983-84","NBA","1st"
"462","Larry Bird F","1983-84","NBA","1st"
"463","Bernard King F","1983-84","NBA","1st"
"464","Magic Johnson G","1983-84","NBA","1st"
"465","Isiah Thomas G","1983-84","NBA","1st"
"466","Moses Malone C","1983-84","NBA","2nd"
"467","Adrian Dantley F","1983-84","NBA","2nd"
"468","Julius Erving F","1983-84","NBA","2nd"
"469","Sidney Moncrief G","1983-84","NBA","2nd"
"470","Jim Paxson G","1983-84","NBA","2nd"
"471","Moses Malone C","1982-83","NBA","1st"
"472","Julius Erving F","1982-83","NBA","1st"
"473","Larry Bird F","1982-83","NBA","1st"
"474","Sidney Moncrief G","1982-83","NBA","1st"
"475","Magic Johnson G","1982-83","NBA","1st"
"476","Kareem Abdul-Jabbar C","1982-83","NBA","2nd"
"477","Buck Williams F","1982-83","NBA","2nd"
"478","Alex English F","1982-83","NBA","2nd"
"479","George Gervin G","1982-83","NBA","2nd"
"480","Isiah Thomas G","1982-83","NBA","2nd"
"481","Moses Malone C","1981-82","NBA","1st"
"482","Julius Erving F","1981-82","NBA","1st"
"483","Larry Bird F","1981-82","NBA","1st"
"484","George Gervin G","1981-82","NBA","1st"
"485","Gus Williams G","1981-82","NBA","1st"
"486","Robert Parish C","1981-82","NBA","2nd"
"487","Alex English F","1981-82","NBA","2nd"
"488","Bernard King F","1981-82","NBA","2nd"
"489","Sidney Moncrief G","1981-82","NBA","2nd"
"490","Magic Johnson G","1981-82","NBA","2nd"
"491","Kareem Abdul-Jabbar C","1980-81","NBA","1st"
"492","Larry Bird F","1980-81","NBA","1st"
"493","Julius Erving F","1980-81","NBA","1st"
"494","George Gervin G","1980-81","NBA","1st"
"495","Dennis Johnson G","1980-81","NBA","1st"
"496","Moses Malone C","1980-81","NBA","2nd"
"497","Marques Johnson F","1980-81","NBA","2nd"
"498","Adrian Dantley F","1980-81","NBA","2nd"
"499","Tiny Archibald G","1980-81","NBA","2nd"
"500","Otis Birdsong G","1980-81","NBA","2nd"
"501","Kareem Abdul-Jabbar C","1979-80","NBA","1st"
"502","Julius Erving F","1979-80","NBA","1st"
"503","Larry Bird F","1979-80","NBA","1st"
"504","George Gervin G","1979-80","NBA","1st"
"505","Paul Westphal G","1979-80","NBA","1st"
"506","Moses Malone C","1979-80","NBA","2nd"
"507","Marques Johnson F","1979-80","NBA","2nd"
"508","Dan Roundfield F","1979-80","NBA","2nd"
"509","Dennis Johnson G","1979-80","NBA","2nd"
"510","Gus Williams G","1979-80","NBA","2nd"
"511","Moses Malone C","1978-79","NBA","1st"
"512","Elvin Hayes F","1978-79","NBA","1st"
"513","Marques Johnson F","1978-79","NBA","1st"
"514","Paul Westphal G","1978-79","NBA","1st"
"515","George Gervin G","1978-79","NBA","1st"
"516","Kareem Abdul-Jabbar C","1978-79","NBA","2nd"
"517","Walter Davis F","1978-79","NBA","2nd"
"518","Bob Dandridge F","1978-79","NBA","2nd"
"519","World B. Free G","1978-79","NBA","2nd"
"520","Phil Ford G","1978-79","NBA","2nd"
"521","Bill Walton C","1977-78","NBA","1st"
"522","Truck Robinson F","1977-78","NBA","1st"
"523","Julius Erving F","1977-78","NBA","1st"
"524","George Gervin G","1977-78","NBA","1st"
"525","David Thompson G","1977-78","NBA","1st"
"526","Kareem Abdul-Jabbar C","1977-78","NBA","2nd"
"527","Maurice Lucas F","1977-78","NBA","2nd"
"528","Walter Davis F","1977-78","NBA","2nd"
"529","Pete Maravich G","1977-78","NBA","2nd"
"530","Paul Westphal G","1977-78","NBA","2nd"
"531","Kareem Abdul-Jabbar C","1976-77","NBA","1st"
"532","Elvin Hayes F","1976-77","NBA","1st"
"533","David Thompson F","1976-77","NBA","1st"
"534","Pete Maravich G","1976-77","NBA","1st"
"535","Paul Westphal G","1976-77","NBA","1st"
"536","Bill Walton C","1976-77","NBA","2nd"
"537","Julius Erving F","1976-77","NBA","2nd"
"538","George McGinnis F","1976-77","NBA","2nd"
"539","George Gervin G","1976-77","NBA","2nd"
"540","Jo Jo White G","1976-77","NBA","2nd"
"541","Kareem Abdul-Jabbar C","1975-76","NBA","1st"
"542","Rick Barry F","1975-76","NBA","1st"
"543","George McGinnis F","1975-76","NBA","1st"
"544","Tiny Archibald G","1975-76","NBA","1st"
"545","Pete Maravich G","1975-76","NBA","1st"
"546","Dave Cowens C","1975-76","NBA","2nd"
"547","John Havlicek F","1975-76","NBA","2nd"
"548","Elvin Hayes F","1975-76","NBA","2nd"
"549","Phil Smith G","1975-76","NBA","2nd"
"550","Randy Smith G","1975-76","NBA","2nd"
"551","Artis Gilmore C","1975-76","ABA","1st"
"552","Billy Knight F","1975-76","ABA","1st"
"553","Julius Erving F","1975-76","ABA","1st"
"554","James Silas G","1975-76","ABA","1st"
"555","Ralph Simpson G","1975-76","ABA","1st"
"556","Dan Issel C","1975-76","ABA","2nd"
"557","Bobby Jones F","1975-76","ABA","2nd"
"558","David Thompson F","1975-76","ABA","2nd"
"559","George Gervin G","1975-76","ABA","2nd"
"560","Don Buse G","1975-76","ABA","2nd"
"561","Bob McAdoo C","1974-75","NBA","1st"
"562","Elvin Hayes F","1974-75","NBA","1st"
"563","Rick Barry F","1974-75","NBA","1st"
"564","Walt Frazier G","1974-75","NBA","1st"
"565","Tiny Archibald G","1974-75","NBA","1st"
"566","Dave Cowens C","1974-75","NBA","2nd"
"567","John Havlicek F","1974-75","NBA","2nd"
"568","Spencer Haywood F","1974-75","NBA","2nd"
"569","Phil Chenier G","1974-75","NBA","2nd"
"570","Jo Jo White G","1974-75","NBA","2nd"
"571","Artis Gilmore C","1974-75","ABA","1st"
"572","Julius Erving F","1974-75","ABA","1st"
"573","George McGinnis F","1974-75","ABA","1st"
"574","Mack Calvin G","1974-75","ABA","1st"
"575","Ron Boone G","1974-75","ABA","1st"
"576","Swen Nater C","1974-75","ABA","2nd"
"577","Marvin Barnes F","1974-75","ABA","2nd"
"578","George Gervin F","1974-75","ABA","2nd"
"579","James Silas G","1974-75","ABA","2nd"
"580","Brian Taylor G","1974-75","ABA","2nd"
"581","Kareem Abdul-Jabbar C","1973-74","NBA","1st"
"582","John Havlicek F","1973-74","NBA","1st"
"583","Rick Barry F","1973-74","NBA","1st"
"584","Walt Frazier G","1973-74","NBA","1st"
"585","Gail Goodrich G","1973-74","NBA","1st"
"586","Bob McAdoo C","1973-74","NBA","2nd"
"587","Spencer Haywood F","1973-74","NBA","2nd"
"588","Elvin Hayes F","1973-74","NBA","2nd"
"589","Norm Van Lier G","1973-74","NBA","2nd"
"590","Dave Bing G","1973-74","NBA","2nd"
"591","Artis Gilmore C","1973-74","ABA","1st"
"592","George McGinnis F","1973-74","ABA","1st"
"593","Julius Erving F","1973-74","ABA","1st"
"594","Mack Calvin G","1973-74","ABA","1st"
"595","Jimmy Jones G","1973-74","ABA","1st"
"596","Swen Nater C","1973-74","ABA","2nd"
"597","Dan Issel F","1973-74","ABA","2nd"
"598","Willie Wise F","1973-74","ABA","2nd"
"599","Louie Dampier G","1973-74","ABA","2nd"
"600","Ron Boone G","1973-74","ABA","2nd"
"601","Kareem Abdul-Jabbar C","1972-73","NBA","1st"
"602","John Havlicek F","1972-73","NBA","1st"
"603","Spencer Haywood F","1972-73","NBA","1st"
"604","Tiny Archibald G","1972-73","NBA","1st"
"605","Jerry West G","1972-73","NBA","1st"
"606","Dave Cowens C","1972-73","NBA","2nd"
"607","Rick Barry F","1972-73","NBA","2nd"
"608","Elvin Hayes F","1972-73","NBA","2nd"
"609","Pete Maravich G","1972-73","NBA","2nd"
"610","Walt Frazier G","1972-73","NBA","2nd"
"611","Artis Gilmore C","1972-73","ABA","1st"
"612","Billy Cunningham F","1972-73","ABA","1st"
"613","Julius Erving F","1972-73","ABA","1st"
"614","Jimmy Jones G","1972-73","ABA","1st"
"615","Warren Jabali G","1972-73","ABA","1st"
"616","Mel Daniels C","1972-73","ABA","2nd"
"617","Dan Issel F","1972-73","ABA","2nd"
"618","George McGinnis F","1972-73","ABA","2nd"
"619","Mack Calvin G","1972-73","ABA","2nd"
"620","Ralph Simpson G","1972-73","ABA","2nd"
"621","Kareem Abdul-Jabbar C","1971-72","NBA","1st"
"622","John Havlicek F","1971-72","NBA","1st"
"623","Spencer Haywood F","1971-72","NBA","1st"
"624","Jerry West G","1971-72","NBA","1st"
"625","Walt Frazier G","1971-72","NBA","1st"
"626","Wilt Chamberlain C","1971-72","NBA","2nd"
"627","Bob Love F","1971-72","NBA","2nd"
"628","Billy Cunningham F","1971-72","NBA","2nd"
"629","Tiny Archibald G","1971-72","NBA","2nd"
"630","Archie Clark G","1971-72","NBA","2nd"
"631","Artis Gilmore C","1971-72","ABA","1st"
"632","Rick Barry F","1971-72","ABA","1st"
"633","Dan Issel F","1971-72","ABA","1st"
"634","Bill Melchionni G","1971-72","ABA","1st"
"635","Donnie Freeman G","1971-72","ABA","1st"
"636","Zelmo Beaty C","1971-72","ABA","2nd"
"637","Julius Erving F","1971-72","ABA","2nd"
"638","Willie Wise F","1971-72","ABA","2nd"
"639","Charlie Scott G","1971-72","ABA","2nd"
"640","Ralph Simpson G","1971-72","ABA","2nd"
"641","Kareem Abdul-Jabbar C","1970-71","NBA","1st"
"642","John Havlicek F","1970-71","NBA","1st"
"643","Billy Cunningham F","1970-71","NBA","1st"
"644","Jerry West G","1970-71","NBA","1st"
"645","Dave Bing G","1970-71","NBA","1st"
"646","Willis Reed C","1970-71","NBA","2nd"
"647","Bob Love F","1970-71","NBA","2nd"
"648","Gus Johnson F","1970-71","NBA","2nd"
"649","Walt Frazier G","1970-71","NBA","2nd"
"650","Oscar Robertson G","1970-71","NBA","2nd"
"651","Mel Daniels C","1970-71","ABA","1st"
"652","Rick Barry F","1970-71","ABA","1st"
"653","Roger Brown F","1970-71","ABA","1st"
"654","Charlie Scott G","1970-71","ABA","1st"
"655","Mack Calvin G","1970-71","ABA","1st"
"656","Joe Caldwell F","1970-71","ABA","2nd"
"657","John Brisker F","1970-71","ABA","2nd"
"658","Donnie Freeman G","1970-71","ABA","2nd"
"659","Larry Cannon G","1970-71","ABA","2nd"
"660","Zelmo Beaty C, Dan Issel C (T)","1970-71","ABA","2nd"
"661","Willis Reed C","1969-70","NBA","1st"
"662","Billy Cunningham F","1969-70","NBA","1st"
"663","Connie Hawkins F","1969-70","NBA","1st"
"664","Walt Frazier G","1969-70","NBA","1st"
"665","Jerry West G","1969-70","NBA","1st"
"666","Kareem Abdul-Jabbar C","1969-70","NBA","2nd"
"667","Gus Johnson F","1969-70","NBA","2nd"
"668","John Havlicek F","1969-70","NBA","2nd"
"669","Lou Hudson G","1969-70","NBA","2nd"
"670","Oscar Robertson G","1969-70","NBA","2nd"
"671","Mel Daniels C","1969-70","ABA","1st"
"672","Rick Barry F","1969-70","ABA","1st"
"673","Spencer Haywood F","1969-70","ABA","1st"
"674","Bob Verga G","1969-70","ABA","1st"
"675","Larry Jones G","1969-70","ABA","1st"
"676","Red Robbins C","1969-70","ABA","2nd"
"677","Bob Netolicky F","1969-70","ABA","2nd"
"678","Roger Brown F","1969-70","ABA","2nd"
"679","Donnie Freeman G","1969-70","ABA","2nd"
"680","Louie Dampier G","1969-70","ABA","2nd"
"681","Wes Unseld C","1968-69","NBA","1st"
"682","Elgin Baylor F","1968-69","NBA","1st"
"683","Billy Cunningham F","1968-69","NBA","1st"
"684","Oscar Robertson G","1968-69","NBA","1st"
"685","Earl Monroe G","1968-69","NBA","1st"
"686","Willis Reed C","1968-69","NBA","2nd"
"687","John Havlicek F","1968-69","NBA","2nd"
"688","Dave DeBusschere F","1968-69","NBA","2nd"
"689","Hal Greer G","1968-69","NBA","2nd"
"690","Jerry West G","1968-69","NBA","2nd"
"691","Mel Daniels C","1968-69","ABA","1st"
"692","Connie Hawkins F","1968-69","ABA","1st"
"693","Rick Barry F","1968-69","ABA","1st"
"694","Larry Jones G","1968-69","ABA","1st"
"695","Jimmy Jones G","1968-69","ABA","1st"
"696","Red Robbins C","1968-69","ABA","2nd"
"697","John Beasley F","1968-69","ABA","2nd"
"698","Doug Moe F","1968-69","ABA","2nd"
"699","Donnie Freeman G","1968-69","ABA","2nd"
"700","Louie Dampier G","1968-69","ABA","2nd"
"701","Wilt Chamberlain C","1967-68","NBA","1st"
"702","Jerry Lucas F","1967-68","NBA","1st"
"703","Elgin Baylor F","1967-68","NBA","1st"
"704","Dave Bing G","1967-68","NBA","1st"
"705","Oscar Robertson G","1967-68","NBA","1st"
"706","Bill Russell C","1967-68","NBA","2nd"
"707","Willis Reed F","1967-68","NBA","2nd"
"708","John Havlicek F","1967-68","NBA","2nd"
"709","Jerry West G","1967-68","NBA","2nd"
"710","Hal Greer G","1967-68","NBA","2nd"
"711","Mel Daniels C","1967-68","ABA","1st"
"712","Connie Hawkins F","1967-68","ABA","1st"
"713","Doug Moe F","1967-68","ABA","1st"
"714","Larry Jones G","1967-68","ABA","1st"
"715","Charles Williams G","1967-68","ABA","1st"
"716","John Beasley C","1967-68","ABA","2nd"
"717","Cincinnatus Powell F","1967-68","ABA","2nd"
"718","Roger Brown F","1967-68","ABA","2nd"
"719","Larry Brown G","1967-68","ABA","2nd"
"720","Louie Dampier G","1967-68","ABA","2nd"
"721","Wilt Chamberlain C","1966-67","NBA","1st"
"722","Elgin Baylor F","1966-67","NBA","1st"
"723","Rick Barry F","1966-67","NBA","1st"
"724","Oscar Robertson G","1966-67","NBA","1st"
"725","Jerry West G","1966-67","NBA","1st"
"726","Bill Russell C","1966-67","NBA","2nd"
"727","Jerry Lucas F","1966-67","NBA","2nd"
"728","Willis Reed F","1966-67","NBA","2nd"
"729","Sam Jones G","1966-67","NBA","2nd"
"730","Hal Greer G","1966-67","NBA","2nd"
"731","Wilt Chamberlain C","1965-66","NBA","1st"
"732","Jerry Lucas F","1965-66","NBA","1st"
"733","Rick Barry F","1965-66","NBA","1st"
"734","Jerry West G","1965-66","NBA","1st"
"735","Oscar Robertson G","1965-66","NBA","1st"
"736","Bill Russell C","1965-66","NBA","2nd"
"737","John Havlicek F","1965-66","NBA","2nd"
"738","Gus Johnson F","1965-66","NBA","2nd"
"739","Sam Jones G","1965-66","NBA","2nd"
"740","Hal Greer G","1965-66","NBA","2nd"
"741","Bill Russell C","1964-65","NBA","1st"
"742","Jerry Lucas F","1964-65","NBA","1st"
"743","Elgin Baylor F","1964-65","NBA","1st"
"744","Jerry West G","1964-65","NBA","1st"
"745","Oscar Robertson G","1964-65","NBA","1st"
"746","Wilt Chamberlain C","1964-65","NBA","2nd"
"747","Gus Johnson F","1964-65","NBA","2nd"
"748","Bob Pettit F","1964-65","NBA","2nd"
"749","Sam Jones G","1964-65","NBA","2nd"
"750","Hal Greer G","1964-65","NBA","2nd"
"751","Wilt Chamberlain C","1963-64","NBA","1st"
"752","Elgin Baylor F","1963-64","NBA","1st"
"753","Bob Pettit F","1963-64","NBA","1st"
"754","Oscar Robertson G","1963-64","NBA","1st"
"755","Jerry West G","1963-64","NBA","1st"
"756","Bill Russell C","1963-64","NBA","2nd"
"757","Jerry Lucas F","1963-64","NBA","2nd"
"758","Tom Heinsohn F","1963-64","NBA","2nd"
"759","John Havlicek G","1963-64","NBA","2nd"
"760","Hal Greer G","1963-64","NBA","2nd"
"761","Bill Russell C","1962-63","NBA","1st"
"762","Elgin Baylor F","1962-63","NBA","1st"
"763","Bob Pettit F","1962-63","NBA","1st"
"764","Jerry West G","1962-63","NBA","1st"
"765","Oscar Robertson G","1962-63","NBA","1st"
"766","Wilt Chamberlain C","1962-63","NBA","2nd"
"767","Bailey Howell F","1962-63","NBA","2nd"
"768","Tom Heinsohn F","1962-63","NBA","2nd"
"769","Hal Greer G","1962-63","NBA","2nd"
"770","Bob Cousy G","1962-63","NBA","2nd"
"771","Wilt Chamberlain C","1961-62","NBA","1st"
"772","Elgin Baylor F","1961-62","NBA","1st"
"773","Bob Pettit F","1961-62","NBA","1st"
"774","Oscar Robertson G","1961-62","NBA","1st"
"775","Jerry West G","1961-62","NBA","1st"
"776","Bill Russell C","1961-62","NBA","2nd"
"777","Tom Heinsohn F","1961-62","NBA","2nd"
"778","Jack Twyman F","1961-62","NBA","2nd"
"779","Richie Guerin G","1961-62","NBA","2nd"
"780","Bob Cousy G","1961-62","NBA","2nd"
"781","Wilt Chamberlain C","1960-61","NBA","1st"
"782","Bob Pettit F","1960-61","NBA","1st"
"783","Elgin Baylor F","1960-61","NBA","1st"
"784","Oscar Robertson G","1960-61","NBA","1st"
"785","Bob Cousy G","1960-61","NBA","1st"
"786","Bill Russell C","1960-61","NBA","2nd"
"787","Dolph Schayes F","1960-61","NBA","2nd"
"788","Tom Heinsohn F","1960-61","NBA","2nd"
"789","Larry Costello G","1960-61","NBA","2nd"
"790","Gene Shue G","1960-61","NBA","2nd"
"791","Wilt Chamberlain C","1959-60","NBA","1st"
"792","Elgin Baylor F","1959-60","NBA","1st"
"793","Bob Pettit F","1959-60","NBA","1st"
"794","Gene Shue G","1959-60","NBA","1st"
"795","Bob Cousy G","1959-60","NBA","1st"
"796","Bill Russell C","1959-60","NBA","2nd"
"797","Dolph Schayes F","1959-60","NBA","2nd"
"798","Jack Twyman F","1959-60","NBA","2nd"
"799","Bill Sharman G","1959-60","NBA","2nd"
"800","Richie Guerin G","1959-60","NBA","2nd"
"801","Bill Russell C","1958-59","NBA","1st"
"802","Bob Pettit F","1958-59","NBA","1st"
"803","Elgin Baylor F","1958-59","NBA","1st"
"804","Bill Sharman G","1958-59","NBA","1st"
"805","Bob Cousy G","1958-59","NBA","1st"
"806","Dolph Schayes C","1958-59","NBA","2nd"
"807","Paul Arizin F","1958-59","NBA","2nd"
"808","Cliff Hagan F","1958-59","NBA","2nd"
"809","Richie Guerin G","1958-59","NBA","2nd"
"810","Slater Martin G","1958-59","NBA","2nd"
"811","Bob Pettit C","1957-58","NBA","1st"
"812","George Yardley F","1957-58","NBA","1st"
"813","Dolph Schayes F","1957-58","NBA","1st"
"814","Bill Sharman G","1957-58","NBA","1st"
"815","Bob Cousy G","1957-58","NBA","1st"
"816","Bill Russell C","1957-58","NBA","2nd"
"817","Cliff Hagan F","1957-58","NBA","2nd"
"818","Maurice Stokes F","1957-58","NBA","2nd"
"819","Slater Martin G","1957-58","NBA","2nd"
"820","Tom Gola G","1957-58","NBA","2nd"
"821","Bob Pettit C","1956-57","NBA","1st"
"822","Paul Arizin F","1956-57","NBA","1st"
"823","Dolph Schayes F","1956-57","NBA","1st"
"824","Bill Sharman G","1956-57","NBA","1st"
"825","Bob Cousy G","1956-57","NBA","1st"
"826","Neil Johnston C","1956-57","NBA","2nd"
"827","George Yardley F","1956-57","NBA","2nd"
"828","Maurice Stokes F","1956-57","NBA","2nd"
"829","Slater Martin G","1956-57","NBA","2nd"
"830","Dick Garmaker G","1956-57","NBA","2nd"
"831","Neil Johnston C","1955-56","NBA","1st"
"832","Bob Pettit F","1955-56","NBA","1st"
"833","Paul Arizin F","1955-56","NBA","1st"
"834","Bill Sharman G","1955-56","NBA","1st"
"835","Bob Cousy G","1955-56","NBA","1st"
"836","Clyde Lovellette C","1955-56","NBA","2nd"
"837","Maurice Stokes F","1955-56","NBA","2nd"
"838","Dolph Schayes F","1955-56","NBA","2nd"
"839","Jack George G","1955-56","NBA","2nd"
"840","Slater Martin G","1955-56","NBA","2nd"
"841","Bob Pettit","1954-55","NBA","1st"
"842","Dolph Schayes","1954-55","NBA","1st"
"843","Neil Johnston","1954-55","NBA","1st"
"844","Larry Foust","1954-55","NBA","1st"
"845","Bob Cousy","1954-55","NBA","1st"
"846","Paul Seymour","1954-55","NBA","2nd"
"847","Vern Mikkelsen","1954-55","NBA","2nd"
"848","Bill Sharman","1954-55","NBA","2nd"
"849","Slater Martin","1954-55","NBA","2nd"
"850","Harry Gallatin","1954-55","NBA","2nd"
"851","Dolph Schayes","1953-54","NBA","1st"
"852","Harry Gallatin","1953-54","NBA","1st"
"853","Neil Johnston","1953-54","NBA","1st"
"854","George Mikan","1953-54","NBA","1st"
"855","Bob Cousy","1953-54","NBA","1st"
"856","Ed Macauley","1953-54","NBA","2nd"
"857","Bobby Wanzer","1953-54","NBA","2nd"
"858","Paul Seymour","1953-54","NBA","2nd"
"859","Jim Pollard","1953-54","NBA","2nd"
"860","Carl Braun","1953-54","NBA","2nd"
"861","Dolph Schayes","1952-53","NBA","1st"
"862","Ed Macauley","1952-53","NBA","1st"
"863","George Mikan","1952-53","NBA","1st"
"864","Bob Cousy","1952-53","NBA","1st"
"865","Neil Johnston","1952-53","NBA","1st"
"866","Andy Phillip","1952-53","NBA","2nd"
"867","Vern Mikkelsen","1952-53","NBA","2nd"
"868","Bobby Wanzer","1952-53","NBA","2nd"
"869","Bob Davies","1952-53","NBA","2nd"
"870","Bill Sharman","1952-53","NBA","2nd"
"871","George Mikan","1951-52","NBA","1st"
"872","Bob Cousy","1951-52","NBA","1st"
"873","Paul Arizin","1951-52","NBA","1st"
"874","Ed Macauley","1951-52","NBA","1st"
"875","Bob Davies , Dolph Schayes (T)","1951-52","NBA","1st"
"876","Andy Phillip","1951-52","NBA","2nd"
"877","Bobby Wanzer","1951-52","NBA","2nd"
"878","Larry Foust","1951-52","NBA","2nd"
"879","Vern Mikkelsen","1951-52","NBA","2nd"
"880","Jim Pollard","1951-52","NBA","2nd"
"881","Ralph Beard","1950-51","NBA","1st"
"882","Alex Groza","1950-51","NBA","1st"
"883","Ed Macauley","1950-51","NBA","1st"
"884","George Mikan","1950-51","NBA","1st"
"885","Bob Davies","1950-51","NBA","1st"
"886","Dolph Schayes","1950-51","NBA","2nd"
"887","Frankie Brian","1950-51","NBA","2nd"
"888","Joe Fulks","1950-51","NBA","2nd"
"889","Dick McGuire","1950-51","NBA","2nd"
"890","Vern Mikkelsen","1950-51","NBA","2nd"
"891","Max Zaslofsky","1949-50","NBA","1st"
"892","Jim Pollard","1949-50","NBA","1st"
"893","George Mikan","1949-50","NBA","1st"
"894","Alex Groza","1949-50","NBA","1st"
"895","Bob Davies","1949-50","NBA","1st"
"896","Dolph Schayes","1949-50","NBA","2nd"
"897","Fred Schaus","1949-50","NBA","2nd"
"898","Al Cervi","1949-50","NBA","2nd"
"899","Frankie Brian","1949-50","NBA","2nd"
"900","Ralph Beard","1949-50","NBA","2nd"
"901","Joe Fulks","1948-49","BAA","1st"
"902","George Mikan","1948-49","BAA","1st"
"903","Jim Pollard","1948-49","BAA","1st"
"904","Max Zaslofsky","1948-49","BAA","1st"
"905","Bob Davies","1948-49","BAA","1st"
"906","John Logan","1948-49","BAA","2nd"
"907","Bones McKinney","1948-49","BAA","2nd"
"908","Bob Feerick","1948-49","BAA","2nd"
"909","Kenny Sailors","1948-49","BAA","2nd"
"910","Arnie Risen","1948-49","BAA","2nd"
"911","Max Zaslofsky","1947-48","BAA","1st"
"912","Ed Sadowski","1947-48","BAA","1st"
"913","Joe Fulks","1947-48","BAA","1st"
"914","Bob Feerick","1947-48","BAA","1st"
"915","Howie Dallmar","1947-48","BAA","1st"
"916","Carl Braun","1947-48","BAA","2nd"
"917","John Logan","1947-48","BAA","2nd"
"918","Stan Miasek","1947-48","BAA","2nd"
"919","Fred Scolari","1947-48","BAA","2nd"
"920","Buddy Jeannette","1947-48","BAA","2nd"
"921","Bob Feerick","1946-47","BAA","1st"
"922","Stan Miasek","1946-47","BAA","1st"
"923","Max Zaslofsky","1946-47","BAA","1st"
"924","Bones McKinney","1946-47","BAA","1st"
"925","Joe Fulks","1946-47","BAA","1st"
"926","John Logan","1946-47","BAA","2nd"
"927","Chick Halbert","1946-47","BAA","2nd"
"928","Ernie Calverley","1946-47","BAA","2nd"
"929","Frankie Baumholtz","1946-47","BAA","2nd"
"930","Fred Scolari","1946-47","BAA","2nd"
