,Player,TM,YR
1,A.C. Green,LAL,1990
2,Adrian Dantley,UTA,1980
3,Adrian Dantley,UTA,1981
4,Adrian Dantley,UTA,1982
5,Adrian Dantley,UTA,1984
6,Adrian Dantley,UTA,1985
7,Adrian Dantley,UTA,1986
8,Adrian Smith,CIN,1966
9,Al Horford,ATL,2010
10,Al Horford,ATL,2011
11,Al Horford,ATL,2015
12,Al Horford,ATL,2016
13,Alex English,DEN,1982
14,Alex English,DEN,1983
15,Alex English,DEN,1984
16,Alex English,DEN,1985
17,Alex English,DEN,1986
18,Alex English,DEN,1987
19,Alex English,DEN,1988
20,Alex English,DEN,1989
21,Alex Groza,INO,1951
22,Allan Houston,NYK,2000
23,Allan Houston,NYK,2001
24,Allen Iverson,PHI,2000
25,Allen Iverson,PHI,2001
26,Allen Iverson,PHI,2002
27,Allen Iverson,PHI,2003
28,Allen Iverson,PHI,2004
29,Allen Iverson,PHI,2005
30,Allen Iverson,PHI,2006
31,Allen Iverson,DEN,2008
32,Allen Iverson,DET,2009
33,Alonzo Mourning,CHH,1995
34,Alonzo Mourning,MIA,1996
35,Alonzo Mourning,MIA,2000
36,Alonzo Mourning,MIA,2002
37,Alvan Adams,PHO,1976
38,Alvin Robertson,SAS,1986
39,Alvin Robertson,SAS,1987
40,Alvin Robertson,SAS,1988
41,Alvin Robertson,MIL,1991
42,Amar'e Stoudemire,PHO,2005
43,Amar'e Stoudemire,PHO,2007
44,Amar'e Stoudemire,PHO,2008
45,Amar'e Stoudemire,PHO,2009
46,Amar'e Stoudemire,PHO,2010
47,Amar'e Stoudemire,NYK,2011
48,Andre Drummond,DET,2016
49,Andre Iguodala,PHI,2012
50,Andrei Kirilenko,UTA,2004
51,Andrew Bynum,LAL,2012
52,Andrew Toney,PHI,1983
53,Andrew Toney,PHI,1984
54,Andy Phillip,PHW,1951
55,Andy Phillip,PHW,1952
56,Andy Phillip,FTW,1953
57,Andy Phillip,FTW,1954
58,Andy Phillip,FTW,1955
59,Anfernee Hardaway,ORL,1995
60,Anfernee Hardaway,ORL,1996
61,Anfernee Hardaway,ORL,1997
62,Anfernee Hardaway,ORL,1998
63,Antawn Jamison,WAS,2005
64,Antawn Jamison,WAS,2008
65,Anthony Davis,NOP,2014
66,Anthony Davis,NOP,2016
67,Anthony Mason,MIA,2001
68,Antoine Walker,BOS,1998
69,Antoine Walker,BOS,2002
70,Antoine Walker,BOS,2003
71,Antonio Davis,TOR,2001
72,Antonio McDyess,DEN,2001
73,Archie Clark,LAL,1968
74,Archie Clark,BAL,1972
75,Arnie Risen,ROC,1952
76,Arnie Risen,ROC,1953
77,Arnie Risen,ROC,1954
78,Artis Gilmore,CHI,1978
79,Artis Gilmore,CHI,1979
80,Artis Gilmore,CHI,1981
81,Artis Gilmore,CHI,1982
82,Artis Gilmore,SAS,1983
83,Artis Gilmore,SAS,1986
84,Austin Carr,CLE,1974
85,B.J. Armstrong,CHI,1994
86,Bailey Howell,DET,1961
87,Bailey Howell,DET,1962
88,Bailey Howell,DET,1963
89,Bailey Howell,DET,1964
90,Bailey Howell,BAL,1966
91,Bailey Howell,BOS,1967
92,Baron Davis,CHH,2002
93,Baron Davis,NOH,2004
94,Ben Wallace,DET,2003
95,Ben Wallace,DET,2004
96,Ben Wallace,DET,2005
97,Ben Wallace,DET,2006
98,Bernard King,GSW,1982
99,Bernard King,NYK,1984
100,Bernard King,NYK,1985
101,Bernard King,WSB,1991
102,Bill Bradley,NYK,1973
103,Bill Bridges,STL,1967
104,Bill Bridges,STL,1968
105,Bill Bridges,ATL,1970
106,Bill Cartwright,NYK,1980
107,Bill Gabor,SYR,1953
108,Bill Laimbeer,DET,1983
109,Bill Laimbeer,DET,1984
110,Bill Laimbeer,DET,1985
111,Bill Laimbeer,DET,1987
112,Bill Russell,BOS,1958
113,Bill Russell,BOS,1959
114,Bill Russell,BOS,1960
115,Bill Russell,BOS,1961
116,Bill Russell,BOS,1962
117,Bill Russell,BOS,1963
118,Bill Russell,BOS,1964
119,Bill Russell,BOS,1965
120,Bill Russell,BOS,1966
121,Bill Russell,BOS,1967
122,Bill Russell,BOS,1968
123,Bill Russell,BOS,1969
124,Bill Sharman,BOS,1953
125,Bill Sharman,BOS,1954
126,Bill Sharman,BOS,1955
127,Bill Sharman,BOS,1956
128,Bill Sharman,BOS,1957
129,Bill Sharman,BOS,1958
130,Bill Sharman,BOS,1959
131,Bill Sharman,BOS,1960
132,Bill Walton,POR,1978
133,Billy Cunningham,PHI,1969
134,Billy Cunningham,PHI,1970
135,Billy Cunningham,PHI,1971
136,Billy Cunningham,PHI,1972
137,Billy Knight,IND,1977
138,Blake Griffin,LAC,2011
139,Blake Griffin,LAC,2012
140,Blake Griffin,LAC,2013
141,Blake Griffin,LAC,2014
142,Bob Boozer,CHI,1968
143,Bob Cousy,BOS,1951
144,Bob Cousy,BOS,1952
145,Bob Cousy,BOS,1953
146,Bob Cousy,BOS,1954
147,Bob Cousy,BOS,1955
148,Bob Cousy,BOS,1956
149,Bob Cousy,BOS,1957
150,Bob Cousy,BOS,1958
151,Bob Cousy,BOS,1959
152,Bob Cousy,BOS,1960
153,Bob Cousy,BOS,1961
154,Bob Cousy,BOS,1962
155,Bob Cousy,BOS,1963
156,Bob Dandridge,MIL,1973
157,Bob Dandridge,MIL,1975
158,Bob Dandridge,MIL,1976
159,Bob Dandridge,WSB,1979
160,Bob Davies,ROC,1951
161,Bob Davies,ROC,1952
162,Bob Davies,ROC,1953
163,Bob Davies,ROC,1954
164,Bob Harrison,STL,1956
165,Bob Kauffman,BUF,1971
166,Bob Kauffman,BUF,1972
167,Bob Kauffman,BUF,1973
168,Bob Lanier,DET,1972
169,Bob Lanier,DET,1973
170,Bob Lanier,DET,1974
171,Bob Lanier,DET,1975
172,Bob Lanier,DET,1977
173,Bob Lanier,DET,1978
174,Bob Lanier,DET,1979
175,Bob Lanier,MIL,1982
176,Bob Love,CHI,1971
177,Bob Love,CHI,1972
178,Bob Love,CHI,1973
179,Bob McAdoo,BUF,1974
180,Bob McAdoo,BUF,1975
181,Bob McAdoo,BUF,1976
182,Bob McAdoo,NYK,1977
183,Bob McAdoo,NYK,1978
184,Bob Pettit,MLH,1955
185,Bob Pettit,STL,1956
186,Bob Pettit,STL,1957
187,Bob Pettit,STL,1958
188,Bob Pettit,STL,1959
189,Bob Pettit,STL,1960
190,Bob Pettit,STL,1961
191,Bob Pettit,STL,1962
192,Bob Pettit,STL,1963
193,Bob Pettit,STL,1964
194,Bob Pettit,STL,1965
195,Bob Rule,SEA,1970
196,Bobby Jones,DEN,1977
197,Bobby Jones,DEN,1978
198,Bobby Jones,PHI,1981
199,Bobby Jones,PHI,1982
200,Bobby Wanzer,ROC,1952
201,Bobby Wanzer,ROC,1953
202,Bobby Wanzer,ROC,1954
203,Bobby Wanzer,ROC,1955
204,Bobby Wanzer,ROC,1956
205,Brad Daugherty,CLE,1988
206,Brad Daugherty,CLE,1989
207,Brad Daugherty,CLE,1991
208,Brad Daugherty,CLE,1992
209,Brad Daugherty,CLE,1993
210,Brad Miller,IND,2003
211,Brad Miller,SAC,2004
212,Brandon Roy,POR,2008
213,Brandon Roy,POR,2009
214,Brian Winters,MIL,1976
215,Brian Winters,MIL,1978
216,Brook Lopez,BRK,2013
217,Buck Williams,NJN,1982
218,Buck Williams,NJN,1983
219,Buck Williams,NJN,1986
220,Butch Beard,CLE,1972
221,Calvin Murphy,HOU,1979
222,Calvin Natt,DEN,1985
223,Campy Russell,CLE,1979
224,Carl Braun,NYK,1953
225,Carl Braun,NYK,1954
226,Carl Braun,NYK,1955
227,Carl Braun,NYK,1957
228,Carlos Boozer,UTA,2008
229,Carmelo Anthony,DEN,2007
230,Carmelo Anthony,DEN,2008
231,Carmelo Anthony,DEN,2010
232,Carmelo Anthony,DEN,2011
233,Carmelo Anthony,NYK,2012
234,Carmelo Anthony,NYK,2013
235,Carmelo Anthony,NYK,2014
236,Carmelo Anthony,NYK,2015
237,Carmelo Anthony,NYK,2016
238,Caron Butler,WAS,2007
239,Cazzie Russell,GSW,1972
240,Charles Barkley,PHI,1987
241,Charles Barkley,PHI,1988
242,Charles Barkley,PHI,1989
243,Charles Barkley,PHI,1990
244,Charles Barkley,PHI,1991
245,Charles Barkley,PHI,1992
246,Charles Barkley,PHO,1993
247,Charles Barkley,PHO,1995
248,Charles Barkley,PHO,1996
249,Charles Oakley,NYK,1994
250,Charlie Scott,PHO,1973
251,Charlie Scott,PHO,1974
252,Charlie Scott,PHO,1975
253,Chauncey Billups,DET,2006
254,Chauncey Billups,DET,2007
255,Chauncey Billups,DET,2008
256,Chauncey Billups,DEN,2009
257,Chauncey Billups,DEN,2010
258,Chet Walker,PHI,1964
259,Chet Walker,PHI,1966
260,Chet Walker,PHI,1967
261,Chet Walker,CHI,1970
262,Chet Walker,CHI,1971
263,Chet Walker,CHI,1973
264,Chet Walker,CHI,1974
265,Chris Bosh,TOR,2006
266,Chris Bosh,TOR,2007
267,Chris Bosh,TOR,2008
268,Chris Bosh,TOR,2010
269,Chris Bosh,MIA,2011
270,Chris Bosh,MIA,2012
271,Chris Bosh,MIA,2013
272,Chris Bosh,MIA,2014
273,Chris Bosh,MIA,2015
274,Chris Gatling,DAL,1997
275,Chris Kaman,LAC,2010
276,Chris Mullin,GSW,1989
277,Chris Mullin,GSW,1990
278,Chris Mullin,GSW,1991
279,Chris Mullin,GSW,1992
280,Chris Paul,NOH,2008
281,Chris Paul,NOH,2009
282,Chris Paul,NOH,2011
283,Chris Paul,LAC,2012
284,Chris Paul,LAC,2013
285,Chris Paul,LAC,2014
286,Chris Paul,LAC,2015
287,Chris Paul,LAC,2016
288,Chris Webber,WSB,1997
289,Chris Webber,SAC,2000
290,Chris Webber,SAC,2001
291,Chris Webber,SAC,2002
292,Christian Laettner,ATL,1997
293,Chuck Noble,DET,1960
294,Cliff Hagan,STL,1959
295,Cliff Hagan,STL,1960
296,Cliff Hagan,STL,1961
297,Cliff Hagan,STL,1962
298,Clifford Robinson,POR,1994
299,Clyde Drexler,POR,1986
300,Clyde Drexler,POR,1988
301,Clyde Drexler,POR,1989
302,Clyde Drexler,POR,1990
303,Clyde Drexler,POR,1991
304,Clyde Drexler,POR,1992
305,Clyde Drexler,POR,1993
306,Clyde Drexler,POR,1994
307,Clyde Drexler,HOU,1996
308,Clyde Lee,SFW,1968
309,Clyde Lovellette,MNL,1956
310,Clyde Lovellette,STL,1960
311,Clyde Lovellette,STL,1961
312,Connie Hawkins,PHO,1970
313,Connie Hawkins,PHO,1971
314,Connie Hawkins,PHO,1972
315,Connie Hawkins,PHO,1973
316,Curtis Rowe,DET,1976
317,Dale Davis,IND,2000
318,Dale Ellis,SEA,1989
319,Damian Lillard,POR,2014
320,Damian Lillard,POR,2015
321,Dan Issel,DEN,1977
322,Dan Majerle,PHO,1992
323,Dan Majerle,PHO,1993
324,Dan Majerle,PHO,1995
325,Dan Roundfield,ATL,1980
326,Dana Barros,PHI,1995
327,Danny Ainge,BOS,1988
328,Danny Granger,IND,2009
329,Danny Manning,LAC,1993
330,Danny Manning,LAC,1994
331,Darrall Imhoff,LAL,1967
332,Dave Bing,DET,1968
333,Dave Bing,DET,1969
334,Dave Bing,DET,1971
335,Dave Bing,DET,1973
336,Dave Bing,DET,1974
337,Dave Bing,DET,1975
338,Dave Bing,WSB,1976
339,Dave Cowens,BOS,1972
340,Dave Cowens,BOS,1973
341,Dave Cowens,BOS,1974
342,Dave Cowens,BOS,1975
343,Dave Cowens,BOS,1976
344,Dave Cowens,BOS,1978
345,Dave DeBusschere,DET,1966
346,Dave DeBusschere,DET,1967
347,Dave DeBusschere,DET,1968
348,Dave DeBusschere,NYK,1970
349,Dave DeBusschere,NYK,1971
350,Dave DeBusschere,NYK,1972
351,Dave DeBusschere,NYK,1973
352,Dave DeBusschere,NYK,1974
353,David Lee,NYK,2010
354,David Lee,GSW,2013
355,David Robinson,SAS,1990
356,David Robinson,SAS,1991
357,David Robinson,SAS,1992
358,David Robinson,SAS,1993
359,David Robinson,SAS,1994
360,David Robinson,SAS,1995
361,David Robinson,SAS,1996
362,David Robinson,SAS,1998
363,David Robinson,SAS,2000
364,David Robinson,SAS,2001
365,David Thompson,DEN,1977
366,David Thompson,DEN,1978
367,David Thompson,DEN,1979
368,David Thompson,SEA,1983
369,David West,NOH,2008
370,David West,NOH,2009
371,DeMar DeRozan,TOR,2014
372,DeMar DeRozan,TOR,2016
373,DeMarcus Cousins,SAC,2015
374,DeMarcus Cousins,SAC,2016
375,Dennis Johnson,SEA,1979
376,Dennis Johnson,SEA,1980
377,Dennis Johnson,PHO,1981
378,Dennis Johnson,PHO,1982
379,Dennis Johnson,BOS,1985
380,Dennis Rodman,DET,1990
381,Dennis Rodman,DET,1992
382,Deron Williams,UTA,2010
383,Deron Williams,UTA,2011
384,Deron Williams,NJN,2012
385,Derrick Coleman,NJN,1994
386,Derrick Rose,CHI,2010
387,Derrick Rose,CHI,2011
388,Derrick Rose,CHI,2012
389,Detlef Schrempf,IND,1993
390,Detlef Schrempf,SEA,1995
391,Detlef Schrempf,SEA,1997
392,Devin Harris,NJN,2009
393,Dick Barnett,NYK,1968
394,Dick Garmaker,MNL,1957
395,Dick Garmaker,MNL,1958
396,Dick Garmaker,MNL,1959
397,Dick Garmaker,MNL,1960
398,Dick McGuire,NYK,1951
399,Dick McGuire,NYK,1952
400,Dick McGuire,NYK,1954
401,Dick McGuire,NYK,1955
402,Dick McGuire,NYK,1956
403,Dick McGuire,DET,1958
404,Dick McGuire,DET,1959
405,Dick Van Arsdale,PHO,1969
406,Dick Van Arsdale,PHO,1970
407,Dick Van Arsdale,PHO,1971
408,Dike Eddleman,TRI,1951
409,Dike Eddleman,MLH,1952
410,Dikembe Mutombo,DEN,1992
411,Dikembe Mutombo,DEN,1995
412,Dikembe Mutombo,DEN,1996
413,Dikembe Mutombo,ATL,1997
414,Dikembe Mutombo,ATL,1998
415,Dikembe Mutombo,ATL,2000
416,Dikembe Mutombo,ATL,2001
417,Dikembe Mutombo,PHI,2002
418,Dirk Nowitzki,DAL,2002
419,Dirk Nowitzki,DAL,2003
420,Dirk Nowitzki,DAL,2004
421,Dirk Nowitzki,DAL,2005
422,Dirk Nowitzki,DAL,2006
423,Dirk Nowitzki,DAL,2007
424,Dirk Nowitzki,DAL,2008
425,Dirk Nowitzki,DAL,2009
426,Dirk Nowitzki,DAL,2010
427,Dirk Nowitzki,DAL,2011
428,Dirk Nowitzki,DAL,2012
429,Dirk Nowitzki,DAL,2014
430,Dirk Nowitzki,DAL,2015
431,Doc Rivers,ATL,1988
432,Dolph Schayes,SYR,1951
433,Dolph Schayes,SYR,1953
434,Dolph Schayes,SYR,1954
435,Dolph Schayes,SYR,1955
436,Dolph Schayes,SYR,1956
437,Dolph Schayes,SYR,1957
438,Dolph Schayes,SYR,1958
439,Dolph Schayes,SYR,1959
440,Dolph Schayes,SYR,1960
441,Dolph Schayes,SYR,1961
442,Dolph Schayes,SYR,1962
443,Dominique Wilkins,ATL,1986
444,Dominique Wilkins,ATL,1987
445,Dominique Wilkins,ATL,1988
446,Dominique Wilkins,ATL,1989
447,Dominique Wilkins,ATL,1990
448,Dominique Wilkins,ATL,1991
449,Dominique Wilkins,ATL,1993
450,Dominique Wilkins,ATL,1994
451,Don Barksdale,BLB,1953
452,Don Buse,IND,1977
453,Don Kojis,SDR,1968
454,Don Kojis,SDR,1969
455,Don Ohl,DET,1963
456,Don Ohl,DET,1964
457,Don Ohl,BAL,1965
458,Don Ohl,BAL,1966
459,Don Ohl,BAL,1967
460,Don Sunderlage,MLH,1954
461,Doug Collins,PHI,1976
462,Doug Collins,PHI,1977
463,Doug Collins,PHI,1978
464,Draymond Green,GSW,2016
465,Dwight Howard,ORL,2007
466,Dwight Howard,ORL,2008
467,Dwight Howard,ORL,2009
468,Dwight Howard,ORL,2010
469,Dwight Howard,ORL,2011
470,Dwight Howard,ORL,2012
471,Dwight Howard,LAL,2013
472,Dwight Howard,HOU,2014
473,Dwyane Wade,MIA,2005
474,Dwyane Wade,MIA,2006
475,Dwyane Wade,MIA,2007
476,Dwyane Wade,MIA,2008
477,Dwyane Wade,MIA,2009
478,Dwyane Wade,MIA,2010
479,Dwyane Wade,MIA,2011
480,Dwyane Wade,MIA,2012
481,Dwyane Wade,MIA,2013
482,Dwyane Wade,MIA,2014
483,Dwyane Wade,MIA,2016
484,Earl Monroe,BAL,1969
485,Earl Monroe,BAL,1971
486,Earl Monroe,NYK,1975
487,Earl Monroe,NYK,1977
488,Ed Macauley,BOS,1951
489,Ed Macauley,BOS,1952
490,Ed Macauley,BOS,1953
491,Ed Macauley,BOS,1954
492,Ed Macauley,BOS,1955
493,Ed Macauley,BOS,1956
494,Ed Macauley,STL,1957
495,Eddie Johnson,ATL,1980
496,Eddie Johnson,ATL,1981
497,Eddie Jones,LAL,1997
498,Eddie Jones,LAL,1998
499,Eddie Jones,CHH,2000
500,Eddie Miles,DET,1966
501,Elgin Baylor,MNL,1959
502,Elgin Baylor,MNL,1960
503,Elgin Baylor,LAL,1961
504,Elgin Baylor,LAL,1962
505,Elgin Baylor,LAL,1963
506,Elgin Baylor,LAL,1964
507,Elgin Baylor,LAL,1965
508,Elgin Baylor,LAL,1967
509,Elgin Baylor,LAL,1968
510,Elgin Baylor,LAL,1969
511,Elgin Baylor,LAL,1970
512,Elton Brand,LAC,2002
513,Elton Brand,LAC,2006
514,Elvin Hayes,SDR,1969
515,Elvin Hayes,SDR,1970
516,Elvin Hayes,SDR,1971
517,Elvin Hayes,HOU,1972
518,Elvin Hayes,BAL,1973
519,Elvin Hayes,CAP,1974
520,Elvin Hayes,WSB,1975
521,Elvin Hayes,WSB,1976
522,Elvin Hayes,WSB,1977
523,Elvin Hayes,WSB,1978
524,Elvin Hayes,WSB,1979
525,Elvin Hayes,WSB,1980
526,Fat Lever,DEN,1988
527,Fat Lever,DEN,1990
528,Flynn Robinson,MIL,1970
529,Frank Selvy,MLH,1955
530,Frank Selvy,LAL,1962
531,Frankie Brian,TRI,1951
532,Frankie Brian,FTW,1952
533,Fred Brown,SEA,1976
534,Fred Schaus,FTW,1951
535,Fred Scolari,BLB,1952
536,Gail Goodrich,PHO,1969
537,Gail Goodrich,LAL,1972
538,Gail Goodrich,LAL,1973
539,Gail Goodrich,LAL,1974
540,Gail Goodrich,LAL,1975
541,Gary Payton,SEA,1994
542,Gary Payton,SEA,1995
543,Gary Payton,SEA,1996
544,Gary Payton,SEA,1997
545,Gary Payton,SEA,1998
546,Gary Payton,SEA,2000
547,Gary Payton,SEA,2001
548,Gary Payton,SEA,2002
549,Gary Payton,SEA,2003
550,Gene Shue,DET,1958
551,Gene Shue,DET,1959
552,Gene Shue,DET,1960
553,Gene Shue,DET,1961
554,Gene Shue,DET,1962
555,Geoff Petrie,POR,1971
556,Geoff Petrie,POR,1974
557,George Gervin,SAS,1977
558,George Gervin,SAS,1978
559,George Gervin,SAS,1979
560,George Gervin,SAS,1980
561,George Gervin,SAS,1981
562,George Gervin,SAS,1982
563,George Gervin,SAS,1983
564,George Gervin,SAS,1984
565,George Gervin,SAS,1985
566,George McGinnis,PHI,1976
567,George McGinnis,PHI,1977
568,George McGinnis,DEN,1979
569,George Mikan,MNL,1951
570,George Mikan,MNL,1952
571,George Mikan,MNL,1953
572,George Mikan,MNL,1954
573,George Yardley,FTW,1955
574,George Yardley,FTW,1956
575,George Yardley,FTW,1957
576,George Yardley,DET,1958
577,George Yardley,DET,1959
578,George Yardley,SYR,1960
579,Gerald Wallace,CHA,2010
580,Gilbert Arenas,WAS,2005
581,Gilbert Arenas,WAS,2006
582,Gilbert Arenas,WAS,2007
583,Glen Rice,CHH,1996
584,Glen Rice,CHH,1997
585,Glen Rice,CHH,1998
586,Glenn Robinson,MIL,2000
587,Glenn Robinson,MIL,2001
588,Grant Hill,DET,1995
589,Grant Hill,DET,1996
590,Grant Hill,DET,1997
591,Grant Hill,DET,1998
592,Grant Hill,DET,2000
593,Grant Hill,ORL,2005
594,Gus Johnson,BAL,1965
595,Gus Johnson,BAL,1968
596,Gus Johnson,BAL,1969
597,Gus Johnson,BAL,1970
598,Gus Johnson,BAL,1971
599,Gus Williams,SEA,1982
600,Gus Williams,SEA,1983
601,Guy Rodgers,SFW,1963
602,Guy Rodgers,SFW,1964
603,Guy Rodgers,SFW,1966
604,Guy Rodgers,CHI,1967
605,Hakeem Olajuwon,HOU,1985
606,Hakeem Olajuwon,HOU,1986
607,Hakeem Olajuwon,HOU,1987
608,Hakeem Olajuwon,HOU,1988
609,Hakeem Olajuwon,HOU,1989
610,Hakeem Olajuwon,HOU,1990
611,Hakeem Olajuwon,HOU,1992
612,Hakeem Olajuwon,HOU,1993
613,Hakeem Olajuwon,HOU,1994
614,Hakeem Olajuwon,HOU,1995
615,Hakeem Olajuwon,HOU,1996
616,Hakeem Olajuwon,HOU,1997
617,Hal Greer,SYR,1961
618,Hal Greer,SYR,1962
619,Hal Greer,SYR,1963
620,Hal Greer,PHI,1964
621,Hal Greer,PHI,1965
622,Hal Greer,PHI,1966
623,Hal Greer,PHI,1967
624,Hal Greer,PHI,1968
625,Hal Greer,PHI,1969
626,Hal Greer,PHI,1970
627,Harry Gallatin,NYK,1951
628,Harry Gallatin,NYK,1952
629,Harry Gallatin,NYK,1953
630,Harry Gallatin,NYK,1954
631,Harry Gallatin,NYK,1955
632,Harry Gallatin,NYK,1956
633,Harry Gallatin,NYK,1957
634,Hersey Hawkins,PHI,1991
635,Horace Grant,CHI,1994
636,Hot Rod Hundley,MNL,1960
637,Hot Rod Hundley,LAL,1961
638,Isaiah Thomas,BOS,2016
639,Isiah Thomas,DET,1982
640,Isiah Thomas,DET,1983
641,Isiah Thomas,DET,1984
642,Isiah Thomas,DET,1985
643,Isiah Thomas,DET,1986
644,Isiah Thomas,DET,1987
645,Isiah Thomas,DET,1988
646,Isiah Thomas,DET,1989
647,Isiah Thomas,DET,1990
648,Isiah Thomas,DET,1992
649,Isiah Thomas,DET,1993
650,Jack Coleman,ROC,1955
651,Jack George,PHW,1956
652,Jack George,PHW,1957
653,Jack Marin,BAL,1972
654,Jack Marin,HOU,1973
655,Jack Sikma,SEA,1979
656,Jack Sikma,SEA,1980
657,Jack Sikma,SEA,1981
658,Jack Sikma,SEA,1982
659,Jack Sikma,SEA,1983
660,Jack Sikma,SEA,1984
661,Jack Sikma,SEA,1985
662,Jack Twyman,ROC,1957
663,Jack Twyman,CIN,1958
664,Jack Twyman,CIN,1959
665,Jack Twyman,CIN,1960
666,Jack Twyman,CIN,1962
667,Jack Twyman,CIN,1963
668,Jamaal Magloire,NOH,2004
669,Jamaal Wilkes,GSW,1976
670,Jamaal Wilkes,LAL,1981
671,Jamaal Wilkes,LAL,1983
672,Jamal Mashburn,NOH,2003
673,James Donaldson,DAL,1988
674,James Harden,HOU,2013
675,James Harden,HOU,2014
676,James Harden,HOU,2015
677,James Harden,HOU,2016
678,James Worthy,LAL,1986
679,James Worthy,LAL,1987
680,James Worthy,LAL,1988
681,James Worthy,LAL,1989
682,James Worthy,LAL,1990
683,James Worthy,LAL,1991
684,James Worthy,LAL,1992
685,Jason Kidd,DAL,1996
686,Jason Kidd,PHO,1998
687,Jason Kidd,PHO,2000
688,Jason Kidd,PHO,2001
689,Jason Kidd,NJN,2002
690,Jason Kidd,NJN,2003
691,Jason Kidd,NJN,2004
692,Jason Kidd,NJN,2008
693,Jason Kidd,DAL,2010
694,Jayson Williams,NJN,1998
695,Jeff Hornacek,PHO,1992
696,Jeff Malone,WSB,1986
697,Jeff Malone,WSB,1987
698,Jeff Mullins,SFW,1969
699,Jeff Mullins,SFW,1970
700,Jeff Mullins,SFW,1971
701,Jeff Ruland,WSB,1984
702,Jeff Teague,ATL,2015
703,Jermaine O'Neal,IND,2002
704,Jermaine O'Neal,IND,2003
705,Jermaine O'Neal,IND,2004
706,Jermaine O'Neal,IND,2005
707,Jermaine O'Neal,IND,2007
708,Jerry Lucas,CIN,1964
709,Jerry Lucas,CIN,1965
710,Jerry Lucas,CIN,1966
711,Jerry Lucas,CIN,1967
712,Jerry Lucas,CIN,1968
713,Jerry Lucas,CIN,1969
714,Jerry Lucas,SFW,1971
715,Jerry Sloan,CHI,1967
716,Jerry Sloan,CHI,1969
717,Jerry Stackhouse,DET,2000
718,Jerry Stackhouse,DET,2001
719,Jerry West,LAL,1961
720,Jerry West,LAL,1962
721,Jerry West,LAL,1963
722,Jerry West,LAL,1964
723,Jerry West,LAL,1965
724,Jerry West,LAL,1966
725,Jerry West,LAL,1967
726,Jerry West,LAL,1968
727,Jerry West,LAL,1970
728,Jerry West,LAL,1971
729,Jerry West,LAL,1972
730,Jerry West,LAL,1973
731,Jim King,SFW,1968
732,Jim Paxson,POR,1983
733,Jim Paxson,POR,1984
734,Jim Pollard,MNL,1951
735,Jim Pollard,MNL,1952
736,Jim Pollard,MNL,1954
737,Jim Pollard,MNL,1955
738,Jim Price,MIL,1975
739,Jimmy Butler,CHI,2015
740,Jimmy Walker,DET,1970
741,Jimmy Walker,DET,1972
742,Jo Jo White,BOS,1971
743,Jo Jo White,BOS,1972
744,Jo Jo White,BOS,1973
745,Jo Jo White,BOS,1974
746,Jo Jo White,BOS,1975
747,Jo Jo White,BOS,1976
748,Jo Jo White,BOS,1977
749,Joakim Noah,CHI,2013
750,Joakim Noah,CHI,2014
751,Joe Barry Carroll,GSW,1987
752,Joe Caldwell,ATL,1969
753,Joe Caldwell,ATL,1970
754,Joe Dumars,DET,1990
755,Joe Dumars,DET,1991
756,Joe Dumars,DET,1992
757,Joe Dumars,DET,1993
758,Joe Dumars,DET,1995
759,Joe Dumars,DET,1997
760,Joe Fulks,PHW,1951
761,Joe Fulks,PHW,1952
762,Joe Johnson,ATL,2007
763,Joe Johnson,ATL,2008
764,Joe Johnson,ATL,2009
765,Joe Johnson,ATL,2010
766,Joe Johnson,ATL,2011
767,Joe Johnson,BRK,2014
768,John Block,PHI,1973
769,John Drew,ATL,1976
770,John Drew,ATL,1980
771,John Havlicek,BOS,1966
772,John Havlicek,BOS,1967
773,John Havlicek,BOS,1968
774,John Havlicek,BOS,1969
775,John Havlicek,BOS,1970
776,John Havlicek,BOS,1971
777,John Havlicek,BOS,1972
778,John Havlicek,BOS,1973
779,John Havlicek,BOS,1974
780,John Havlicek,BOS,1975
781,John Havlicek,BOS,1976
782,John Havlicek,BOS,1977
783,John Havlicek,BOS,1978
784,John Johnson,CLE,1971
785,John Johnson,CLE,1972
786,John Starks,NYK,1994
787,John Stockton,UTA,1989
788,John Stockton,UTA,1990
789,John Stockton,UTA,1991
790,John Stockton,UTA,1992
791,John Stockton,UTA,1993
792,John Stockton,UTA,1994
793,John Stockton,UTA,1995
794,John Stockton,UTA,1996
795,John Stockton,UTA,1997
796,John Stockton,UTA,2000
797,John Wall,WAS,2014
798,John Wall,WAS,2015
799,John Wall,WAS,2016
800,Johnny Green,NYK,1962
801,Johnny Green,NYK,1963
802,Johnny Green,NYK,1965
803,Johnny Green,CIN,1971
804,Jon McGlocklin,MIL,1969
805,Josh Howard,DAL,2007
806,Jrue Holiday,PHI,2013
807,Julius Erving,PHI,1977
808,Julius Erving,PHI,1978
809,Julius Erving,PHI,1979
810,Julius Erving,PHI,1980
811,Julius Erving,PHI,1981
812,Julius Erving,PHI,1982
813,Julius Erving,PHI,1983
814,Julius Erving,PHI,1984
815,Julius Erving,PHI,1985
816,Julius Erving,PHI,1986
817,Julius Erving,PHI,1987
818,Juwan Howard,WSB,1996
819,Kareem Abdul-Jabbar,MIL,1970
820,Kareem Abdul-Jabbar,MIL,1971
821,Kareem Abdul-Jabbar,MIL,1972
822,Kareem Abdul-Jabbar,MIL,1974
823,Kareem Abdul-Jabbar,MIL,1975
824,Kareem Abdul-Jabbar,LAL,1976
825,Kareem Abdul-Jabbar,LAL,1977
826,Kareem Abdul-Jabbar,LAL,1979
827,Kareem Abdul-Jabbar,LAL,1980
828,Kareem Abdul-Jabbar,LAL,1981
829,Kareem Abdul-Jabbar,LAL,1982
830,Kareem Abdul-Jabbar,LAL,1983
831,Kareem Abdul-Jabbar,LAL,1984
832,Kareem Abdul-Jabbar,LAL,1985
833,Kareem Abdul-Jabbar,LAL,1986
834,Kareem Abdul-Jabbar,LAL,1987
835,Kareem Abdul-Jabbar,LAL,1988
836,Kareem Abdul-Jabbar,LAL,1989
837,Karl Malone,UTA,1988
838,Karl Malone,UTA,1989
839,Karl Malone,UTA,1991
840,Karl Malone,UTA,1992
841,Karl Malone,UTA,1993
842,Karl Malone,UTA,1994
843,Karl Malone,UTA,1995
844,Karl Malone,UTA,1996
845,Karl Malone,UTA,1997
846,Karl Malone,UTA,1998
847,Karl Malone,UTA,2000
848,Karl Malone,UTA,2001
849,Kawhi Leonard,SAS,2016
850,Kelly Tripucka,DET,1982
851,Kelly Tripucka,DET,1984
852,Kenny Anderson,NJN,1994
853,Kenny Sears,NYK,1958
854,Kenny Sears,NYK,1959
855,Kenyon Martin,NJN,2004
856,Kermit Washington,POR,1980
857,Kevin Duckworth,POR,1989
858,Kevin Duckworth,POR,1991
859,Kevin Durant,OKC,2010
860,Kevin Durant,OKC,2011
861,Kevin Durant,OKC,2012
862,Kevin Durant,OKC,2013
863,Kevin Durant,OKC,2014
864,Kevin Durant,OKC,2015
865,Kevin Durant,OKC,2016
866,Kevin Garnett,MIN,1997
867,Kevin Garnett,MIN,1998
868,Kevin Garnett,MIN,2000
869,Kevin Garnett,MIN,2001
870,Kevin Garnett,MIN,2002
871,Kevin Garnett,MIN,2003
872,Kevin Garnett,MIN,2004
873,Kevin Garnett,MIN,2005
874,Kevin Garnett,MIN,2006
875,Kevin Garnett,MIN,2007
876,Kevin Garnett,BOS,2009
877,Kevin Garnett,BOS,2010
878,Kevin Garnett,BOS,2011
879,Kevin Garnett,BOS,2013
880,Kevin Johnson,PHO,1990
881,Kevin Johnson,PHO,1991
882,Kevin Johnson,PHO,1994
883,Kevin Love,MIN,2011
884,Kevin Love,MIN,2012
885,Kevin Love,MIN,2014
886,Kevin McHale,BOS,1984
887,Kevin McHale,BOS,1986
888,Kevin McHale,BOS,1987
889,Kevin McHale,BOS,1988
890,Kevin McHale,BOS,1989
891,Kevin McHale,BOS,1990
892,Kevin McHale,BOS,1991
893,Kevin Willis,ATL,1992
894,Kiki Vandeweghe,DEN,1983
895,Kiki Vandeweghe,DEN,1984
896,Klay Thompson,GSW,2015
897,Klay Thompson,GSW,2016
898,Kobe Bryant,LAL,1998
899,Kobe Bryant,LAL,2000
900,Kobe Bryant,LAL,2001
901,Kobe Bryant,LAL,2002
902,Kobe Bryant,LAL,2003
903,Kobe Bryant,LAL,2004
904,Kobe Bryant,LAL,2005
905,Kobe Bryant,LAL,2006
906,Kobe Bryant,LAL,2007
907,Kobe Bryant,LAL,2008
908,Kobe Bryant,LAL,2009
909,Kobe Bryant,LAL,2011
910,Kobe Bryant,LAL,2012
911,Kobe Bryant,LAL,2013
912,Kobe Bryant,LAL,2016
913,Kyle Korver,ATL,2015
914,Kyle Lowry,TOR,2015
915,Kyle Lowry,TOR,2016
916,Kyrie Irving,CLE,2013
917,Kyrie Irving,CLE,2014
918,Kyrie Irving,CLE,2015
919,LaMarcus Aldridge,POR,2012
920,LaMarcus Aldridge,POR,2013
921,LaMarcus Aldridge,POR,2014
922,LaMarcus Aldridge,POR,2015
923,LaMarcus Aldridge,SAS,2016
924,Larry Bird,BOS,1980
925,Larry Bird,BOS,1981
926,Larry Bird,BOS,1982
927,Larry Bird,BOS,1983
928,Larry Bird,BOS,1984
929,Larry Bird,BOS,1985
930,Larry Bird,BOS,1986
931,Larry Bird,BOS,1987
932,Larry Bird,BOS,1988
933,Larry Bird,BOS,1990
934,Larry Costello,SYR,1958
935,Larry Costello,SYR,1959
936,Larry Costello,SYR,1960
937,Larry Costello,SYR,1961
938,Larry Costello,PHI,1965
939,Larry Foust,FTW,1951
940,Larry Foust,FTW,1953
941,Larry Foust,FTW,1954
942,Larry Foust,FTW,1955
943,Larry Foust,FTW,1956
944,Larry Foust,MNL,1958
945,Larry Foust,MNL,1959
946,Larry Johnson,CHH,1993
947,Larry Johnson,CHH,1995
948,Larry Kenon,SAS,1978
949,Larry Kenon,SAS,1979
950,Larry Nance,PHO,1985
951,Larry Nance,CLE,1989
952,Larry Nance,CLE,1993
953,Latrell Sprewell,GSW,1994
954,Latrell Sprewell,GSW,1995
955,Latrell Sprewell,GSW,1997
956,Latrell Sprewell,NYK,2001
957,LeBron James,CLE,2005
958,LeBron James,CLE,2006
959,LeBron James,CLE,2007
960,LeBron James,CLE,2008
961,LeBron James,CLE,2009
962,LeBron James,CLE,2010
963,LeBron James,MIA,2011
964,LeBron James,MIA,2012
965,LeBron James,MIA,2013
966,LeBron James,MIA,2014
967,LeBron James,CLE,2015
968,LeBron James,CLE,2016
969,Lee Shaffer,SYR,1963
970,Len Chappell,NYK,1964
971,Lenny Wilkens,STL,1963
972,Lenny Wilkens,STL,1964
973,Lenny Wilkens,STL,1965
974,Lenny Wilkens,STL,1967
975,Lenny Wilkens,STL,1968
976,Lenny Wilkens,SEA,1969
977,Lenny Wilkens,SEA,1970
978,Lenny Wilkens,SEA,1971
979,Lenny Wilkens,CLE,1973
980,Leo Barnhorst,INO,1952
981,Leo Barnhorst,INO,1953
982,Lionel Hollins,POR,1978
983,Lonnie Shelton,SEA,1982
984,Lou Hudson,ATL,1969
985,Lou Hudson,ATL,1970
986,Lou Hudson,ATL,1971
987,Lou Hudson,ATL,1972
988,Lou Hudson,ATL,1973
989,Lou Hudson,ATL,1974
990,Luke Jackson,PHI,1965
991,Luol Deng,CHI,2012
992,Luol Deng,CHI,2013
993,Magic Johnson,LAL,1980
994,Magic Johnson,LAL,1982
995,Magic Johnson,LAL,1983
996,Magic Johnson,LAL,1984
997,Magic Johnson,LAL,1985
998,Magic Johnson,LAL,1986
999,Magic Johnson,LAL,1987
1000,Magic Johnson,LAL,1988
1001,Magic Johnson,LAL,1990
1002,Magic Johnson,LAL,1991
1003,Magic Johnson,LAL,1992
1004,Manu Ginobili,SAS,2005
1005,Manu Ginobili,SAS,2011
1006,Marc Gasol,MEM,2012
1007,Marc Gasol,MEM,2015
1008,Mark Aguirre,DAL,1984
1009,Mark Aguirre,DAL,1987
1010,Mark Aguirre,DAL,1988
1011,Mark Eaton,UTA,1989
1012,Mark Jackson,NYK,1989
1013,Mark Price,CLE,1989
1014,Mark Price,CLE,1992
1015,Mark Price,CLE,1993
1016,Mark Price,CLE,1994
1017,Marques Johnson,MIL,1979
1018,Marques Johnson,MIL,1980
1019,Marques Johnson,MIL,1981
1020,Marques Johnson,MIL,1983
1021,Marques Johnson,LAC,1986
1022,Maurice Cheeks,PHI,1983
1023,Maurice Cheeks,PHI,1986
1024,Maurice Cheeks,PHI,1987
1025,Maurice Cheeks,PHI,1988
1026,Maurice Lucas,POR,1977
1027,Maurice Lucas,POR,1978
1028,Maurice Lucas,POR,1979
1029,Maurice Lucas,PHO,1983
1030,Maurice Stokes,ROC,1956
1031,Maurice Stokes,ROC,1957
1032,Maurice Stokes,CIN,1958
1033,Max Zaslofsky,NYK,1952
1034,Mehmet Okur,UTA,2007
1035,Mel Hutchins,MLH,1953
1036,Mel Hutchins,FTW,1954
1037,Mel Hutchins,FTW,1956
1038,Mel Hutchins,FTW,1957
1039,Metta World Peace,IND,2004
1040,Michael Adams,WSB,1992
1041,Michael Finley,DAL,2000
1042,Michael Finley,DAL,2001
1043,Michael Jordan,CHI,1985
1044,Michael Jordan,CHI,1987
1045,Michael Jordan,CHI,1988
1046,Michael Jordan,CHI,1989
1047,Michael Jordan,CHI,1990
1048,Michael Jordan,CHI,1991
1049,Michael Jordan,CHI,1992
1050,Michael Jordan,CHI,1993
1051,Michael Jordan,CHI,1996
1052,Michael Jordan,CHI,1997
1053,Michael Jordan,CHI,1998
1054,Michael Jordan,WAS,2002
1055,Michael Jordan,WAS,2003
1056,Michael Redd,MIL,2004
1057,Micheal Ray Richardson,NYK,1980
1058,Micheal Ray Richardson,NYK,1981
1059,Micheal Ray Richardson,NYK,1982
1060,Micheal Ray Richardson,NJN,1985
1061,Mike Mitchell,CLE,1981
1062,Mitch Richmond,SAC,1994
1063,Mitch Richmond,SAC,1995
1064,Mitch Richmond,SAC,1996
1065,Mitch Richmond,SAC,1997
1066,Mitch Richmond,SAC,1998
1067,Mo Williams,CLE,2009
1068,Mookie Blaylock,ATL,1994
1069,Moses Malone,HOU,1978
1070,Moses Malone,HOU,1979
1071,Moses Malone,HOU,1980
1072,Moses Malone,HOU,1981
1073,Moses Malone,HOU,1982
1074,Moses Malone,PHI,1983
1075,Moses Malone,PHI,1985
1076,Moses Malone,PHI,1986
1077,Moses Malone,WSB,1987
1078,Moses Malone,WSB,1988
1079,Moses Malone,ATL,1989
1080,Nat Clifton,NYK,1957
1081,Nate Thurmond,SFW,1965
1082,Nate Thurmond,SFW,1966
1083,Nate Thurmond,SFW,1967
1084,Nate Thurmond,GSW,1973
1085,Nate Thurmond,GSW,1974
1086,Neil Johnston,PHW,1953
1087,Neil Johnston,PHW,1954
1088,Neil Johnston,PHW,1955
1089,Neil Johnston,PHW,1956
1090,Neil Johnston,PHW,1957
1091,Neil Johnston,PHW,1958
1092,Nick Van Exel,LAL,1998
1093,Norm Nixon,LAL,1982
1094,Norm Nixon,LAC,1985
1095,Norm Van Lier,CHI,1974
1096,Norm Van Lier,CHI,1976
1097,Norm Van Lier,CHI,1977
1098,Oscar Robertson,CIN,1961
1099,Oscar Robertson,CIN,1962
1100,Oscar Robertson,CIN,1963
1101,Oscar Robertson,CIN,1964
1102,Oscar Robertson,CIN,1965
1103,Oscar Robertson,CIN,1966
1104,Oscar Robertson,CIN,1967
1105,Oscar Robertson,CIN,1968
1106,Oscar Robertson,CIN,1969
1107,Oscar Robertson,CIN,1970
1108,Oscar Robertson,MIL,1971
1109,Oscar Robertson,MIL,1972
1110,Otis Birdsong,KCK,1979
1111,Otis Birdsong,KCK,1980
1112,Otis Birdsong,KCK,1981
1113,Otis Birdsong,NJN,1984
1114,Otis Thorpe,HOU,1992
1115,Patrick Ewing,NYK,1988
1116,Patrick Ewing,NYK,1989
1117,Patrick Ewing,NYK,1990
1118,Patrick Ewing,NYK,1991
1119,Patrick Ewing,NYK,1992
1120,Patrick Ewing,NYK,1993
1121,Patrick Ewing,NYK,1994
1122,Patrick Ewing,NYK,1995
1123,Patrick Ewing,NYK,1996
1124,Pau Gasol,MEM,2006
1125,Pau Gasol,LAL,2009
1126,Pau Gasol,LAL,2010
1127,Pau Gasol,LAL,2011
1128,Pau Gasol,CHI,2015
1129,Pau Gasol,CHI,2016
1130,Paul Arizin,PHW,1951
1131,Paul Arizin,PHW,1952
1132,Paul Arizin,PHW,1955
1133,Paul Arizin,PHW,1956
1134,Paul Arizin,PHW,1957
1135,Paul Arizin,PHW,1958
1136,Paul Arizin,PHW,1959
1137,Paul Arizin,PHW,1961
1138,Paul Arizin,PHW,1962
1139,Paul George,IND,2013
1140,Paul George,IND,2014
1141,Paul George,IND,2016
1142,Paul Millsap,ATL,2014
1143,Paul Millsap,ATL,2015
1144,Paul Millsap,ATL,2016
1145,Paul Pierce,BOS,2002
1146,Paul Pierce,BOS,2003
1147,Paul Pierce,BOS,2004
1148,Paul Pierce,BOS,2005
1149,Paul Pierce,BOS,2006
1150,Paul Pierce,BOS,2008
1151,Paul Pierce,BOS,2009
1152,Paul Pierce,BOS,2010
1153,Paul Pierce,BOS,2011
1154,Paul Pierce,BOS,2012
1155,Paul Seymour,SYR,1953
1156,Paul Seymour,SYR,1954
1157,Paul Seymour,SYR,1955
1158,Paul Silas,PHO,1972
1159,Paul Silas,BOS,1975
1160,Paul Walther,INO,1952
1161,Paul Westphal,PHO,1977
1162,Paul Westphal,PHO,1978
1163,Paul Westphal,PHO,1979
1164,Paul Westphal,PHO,1980
1165,Paul Westphal,SEA,1981
1166,Peja Stojakovic,SAC,2002
1167,Peja Stojakovic,SAC,2003
1168,Peja Stojakovic,SAC,2004
1169,Pete Maravich,ATL,1973
1170,Pete Maravich,ATL,1974
1171,Pete Maravich,NOJ,1977
1172,Pete Maravich,NOJ,1979
1173,Phil Chenier,CAP,1974
1174,Phil Chenier,WSB,1975
1175,Phil Chenier,WSB,1977
1176,Phil Smith,GSW,1976
1177,Phil Smith,GSW,1977
1180,Rajon Rondo,BOS,2010
1181,Rajon Rondo,BOS,2011
1182,Rajon Rondo,BOS,2012
1183,Ralph Beard,INO,1951
1184,Ralph Sampson,HOU,1984
1185,Ralph Sampson,HOU,1985
1186,Ralph Sampson,HOU,1986
1187,Randy Smith,BUF,1976
1188,Randy Smith,BUF,1978
1189,Rashard Lewis,SEA,2005
1190,Rashard Lewis,ORL,2009
1191,Rasheed Wallace,POR,2000
1192,Rasheed Wallace,POR,2001
1193,Rasheed Wallace,DET,2006
1194,Rasheed Wallace,DET,2008
1195,Ray Allen,MIL,2000
1196,Ray Allen,MIL,2001
1197,Ray Allen,MIL,2002
1198,Ray Allen,SEA,2004
1199,Ray Allen,SEA,2005
1200,Ray Allen,SEA,2006
1201,Ray Allen,SEA,2007
1202,Ray Allen,BOS,2008
1203,Ray Allen,BOS,2009
1204,Ray Allen,BOS,2011
1205,Ray Felix,BLB,1954
1206,Red Kerr,SYR,1956
1207,Red Kerr,SYR,1959
1208,Red Kerr,SYR,1963
1209,Red Rocha,BLB,1951
1210,Red Rocha,SYR,1952
1211,Reggie Lewis,BOS,1992
1212,Reggie Miller,IND,1990
1213,Reggie Miller,IND,1995
1214,Reggie Miller,IND,1996
1215,Reggie Miller,IND,1998
1216,Reggie Miller,IND,2000
1217,Reggie Theus,CHI,1981
1218,Reggie Theus,CHI,1983
1347,Richard Hamilton,DET,2006
1348,Richard Hamilton,DET,2007
1349,Richard Hamilton,DET,2008
1350,Richie Guerin,NYK,1958
1351,Richie Guerin,NYK,1959
1352,Richie Guerin,NYK,1960
1353,Richie Guerin,NYK,1961
1354,Richie Guerin,NYK,1962
1355,Richie Guerin,NYK,1963
1356,Richie Regan,ROC,1957
1357,Rick Barry,SFW,1966
1358,Rick Barry,SFW,1967
1359,Rick Barry,GSW,1974
1360,Rick Barry,GSW,1975
1361,Rick Barry,GSW,1976
1362,Rick Barry,GSW,1977
1363,Rick Barry,GSW,1978
1364,Rickey Green,UTA,1984
1365,Ricky Pierce,MIL,1991
1366,Rik Smits,IND,1998
1367,Robert Parish,BOS,1981
1368,Robert Parish,BOS,1982
1369,Robert Parish,BOS,1983
1370,Robert Parish,BOS,1984
1371,Robert Parish,BOS,1985
1372,Robert Parish,BOS,1986
1373,Robert Parish,BOS,1987
1374,Robert Parish,BOS,1990
1375,Robert Parish,BOS,1991
1376,Rolando Blackman,DAL,1985
1377,Rolando Blackman,DAL,1986
1378,Rolando Blackman,DAL,1987
1379,Rolando Blackman,DAL,1990
1380,Roy Hibbert,IND,2012
1381,Roy Hibbert,IND,2014
1382,Rudy LaRusso,LAL,1963
1383,Rudy LaRusso,LAL,1966
1384,Rudy LaRusso,SFW,1968
1385,Rudy LaRusso,SFW,1969
1386,Rudy Tomjanovich,HOU,1974
1387,Rudy Tomjanovich,HOU,1975
1388,Rudy Tomjanovich,HOU,1976
1389,Rudy Tomjanovich,HOU,1977
1390,Rudy Tomjanovich,HOU,1979
1391,Russell Westbrook,OKC,2011
1392,Russell Westbrook,OKC,2012
1393,Russell Westbrook,OKC,2013
1394,Russell Westbrook,OKC,2015
1395,Russell Westbrook,OKC,2016
1396,Sam Cassell,MIN,2004
1397,Sam Jones,BOS,1962
1398,Sam Jones,BOS,1964
1399,Sam Jones,BOS,1965
1400,Sam Jones,BOS,1966
1401,Sam Jones,BOS,1968
1402,Sam Lacey,KCO,1975
1403,Scott Wedman,KCK,1976
1404,Scottie Pippen,CHI,1990
1405,Scottie Pippen,CHI,1992
1406,Scottie Pippen,CHI,1993
1407,Scottie Pippen,CHI,1994
1408,Scottie Pippen,CHI,1995
1409,Scottie Pippen,CHI,1996
1410,Scottie Pippen,CHI,1997
1411,Sean Elliott,SAS,1993
1412,Sean Elliott,SAS,1996
1413,Shaquille O'Neal,ORL,1993
1414,Shaquille O'Neal,ORL,1994
1415,Shaquille O'Neal,ORL,1995
1416,Shaquille O'Neal,ORL,1996
1417,Shaquille O'Neal,LAL,1998
1418,Shaquille O'Neal,LAL,2000
1419,Shaquille O'Neal,LAL,2003
1420,Shaquille O'Neal,LAL,2004
1421,Shaquille O'Neal,MIA,2005
1422,Shaquille O'Neal,MIA,2006
1423,Shaquille O'Neal,MIA,2007
1424,Shaquille O'Neal,PHO,2009
1425,Shareef Abdur-Rahim,ATL,2002
1426,Shawn Kemp,SEA,1993
1427,Shawn Kemp,SEA,1994
1428,Shawn Kemp,SEA,1995
1429,Shawn Kemp,SEA,1996
1430,Shawn Kemp,SEA,1997
1431,Shawn Kemp,CLE,1998
1432,Shawn Marion,PHO,2003
1433,Shawn Marion,PHO,2005
1434,Shawn Marion,PHO,2006
1435,Shawn Marion,PHO,2007
1436,Sidney Moncrief,MIL,1982
1437,Sidney Moncrief,MIL,1983
1438,Sidney Moncrief,MIL,1984
1439,Sidney Moncrief,MIL,1985
1440,Sidney Moncrief,MIL,1986
1441,Sidney Wicks,POR,1972
1442,Sidney Wicks,POR,1973
1443,Sidney Wicks,POR,1974
1444,Sidney Wicks,POR,1975
1445,Slater Martin,MNL,1953
1446,Slater Martin,MNL,1954
1447,Slater Martin,MNL,1955
1448,Slater Martin,MNL,1956
1449,Slater Martin,STL,1957
1450,Slater Martin,STL,1958
1451,Slater Martin,STL,1959
1452,Sleepy Floyd,GSW,1987
1453,Spencer Haywood,SEA,1972
1454,Spencer Haywood,SEA,1973
1455,Spencer Haywood,SEA,1974
1456,Spencer Haywood,SEA,1975
1585,Stephen Curry,GSW,2014
1586,Stephen Curry,GSW,2015
1587,Stephen Curry,GSW,2016
1588,Stephon Marbury,NJN,2001
1589,Stephon Marbury,PHO,2003
1590,Steve Francis,HOU,2002
1591,Steve Francis,HOU,2003
1592,Steve Francis,HOU,2004
1593,Steve Mix,PHI,1975
1594,Steve Nash,DAL,2002
1595,Steve Nash,DAL,2003
1596,Steve Nash,PHO,2005
1597,Steve Nash,PHO,2006
1598,Steve Nash,PHO,2008
1599,Steve Nash,PHO,2010
1600,Steve Nash,PHO,2012
1601,Steve Smith,ATL,1998
1732,Terrell Brandon,CLE,1996
1733,Terrell Brandon,CLE,1997
1734,Terry Cummings,MIL,1985
1735,Terry Cummings,MIL,1989
1736,Terry Dischinger,CHZ,1963
1737,Terry Dischinger,BAL,1964
1738,Terry Dischinger,DET,1965
1739,Terry Porter,POR,1991
1740,Terry Porter,POR,1993
1741,Tim Duncan,SAS,1998
1742,Tim Duncan,SAS,2000
1743,Tim Duncan,SAS,2001
1744,Tim Duncan,SAS,2002
1745,Tim Duncan,SAS,2003
1746,Tim Duncan,SAS,2004
1747,Tim Duncan,SAS,2005
1748,Tim Duncan,SAS,2006
1749,Tim Duncan,SAS,2007
1750,Tim Duncan,SAS,2008
1751,Tim Duncan,SAS,2009
1752,Tim Duncan,SAS,2010
1753,Tim Duncan,SAS,2011
1754,Tim Duncan,SAS,2013
1755,Tim Duncan,SAS,2015
1756,Tim Hardaway,GSW,1991
1757,Tim Hardaway,GSW,1992
1758,Tim Hardaway,GSW,1993
1759,Tim Hardaway,MIA,1997
1760,Tim Hardaway,MIA,1998
1761,Tiny Archibald,KCO,1973
1762,Tiny Archibald,KCO,1975
1763,Tiny Archibald,KCK,1976
1764,Tiny Archibald,BOS,1980
1765,Tiny Archibald,BOS,1981
1766,Tiny Archibald,BOS,1982
1767,Tom Chambers,SEA,1987
1768,Tom Chambers,PHO,1989
1769,Tom Chambers,PHO,1990
1770,Tom Chambers,PHO,1991
1771,Tom Gola,PHW,1960
1772,Tom Gola,PHW,1961
1773,Tom Gola,NYK,1963
1774,Tom Gola,NYK,1964
1775,Tom Gugliotta,MIN,1997
1776,Tom Heinsohn,BOS,1957
1777,Tom Heinsohn,BOS,1961
1778,Tom Heinsohn,BOS,1962
1779,Tom Heinsohn,BOS,1963
1780,Tom Heinsohn,BOS,1964
1781,Tom Meschery,SFW,1963
1782,Tom Van Arsdale,CIN,1970
1783,Tom Van Arsdale,CIN,1971
1784,Tom Van Arsdale,CIN,1972
1785,Tony Parker,SAS,2006
1786,Tony Parker,SAS,2007
1787,Tony Parker,SAS,2009
1788,Tony Parker,SAS,2012
1789,Tony Parker,SAS,2013
1790,Tony Parker,SAS,2014
1791,Tracy McGrady,ORL,2001
1792,Tracy McGrady,ORL,2002
1793,Tracy McGrady,ORL,2003
1794,Tracy McGrady,ORL,2004
1795,Tracy McGrady,HOU,2005
1796,Tracy McGrady,HOU,2006
1797,Tracy McGrady,HOU,2007
1798,Truck Robinson,NOJ,1978
1799,Truck Robinson,PHO,1981
1800,Tyrone Hill,CLE,1995
1801,Tyson Chandler,NYK,2013
1802,Vern Mikkelsen,MNL,1951
1803,Vern Mikkelsen,MNL,1952
1804,Vern Mikkelsen,MNL,1953
1805,Vern Mikkelsen,MNL,1955
1806,Vern Mikkelsen,MNL,1956
1807,Vern Mikkelsen,MNL,1957
1808,Vin Baker,MIL,1995
1809,Vin Baker,MIL,1996
1810,Vin Baker,MIL,1997
1811,Vin Baker,SEA,1998
1812,Vince Boryla,NYK,1951
1813,Vince Carter,TOR,2000
1814,Vince Carter,TOR,2001
1815,Vince Carter,TOR,2003
1816,Vince Carter,TOR,2004
1817,Vince Carter,NJN,2005
1818,Vince Carter,NJN,2006
1819,Vince Carter,NJN,2007
1820,Vlade Divac,SAC,2001
1821,Wally Szczerbiak,MIN,2002
1822,Walt Bellamy,CHP,1962
1823,Walt Bellamy,CHZ,1963
1824,Walt Bellamy,BAL,1964
1825,Walt Bellamy,BAL,1965
1826,Walt Frazier,NYK,1970
1827,Walt Frazier,NYK,1971
1828,Walt Frazier,NYK,1972
1829,Walt Frazier,NYK,1973
1830,Walt Frazier,NYK,1974
1831,Walt Frazier,NYK,1975
1832,Walt Frazier,NYK,1976
1833,Walt Hazzard,SEA,1968
1834,Walter Davis,PHO,1978
1835,Walter Davis,PHO,1979
1836,Walter Davis,PHO,1980
1837,Walter Davis,PHO,1981
1838,Walter Davis,PHO,1984
1839,Walter Davis,PHO,1987
1840,Walter Dukes,DET,1960
1841,Walter Dukes,DET,1961
1842,Wayne Embry,CIN,1961
1843,Wayne Embry,CIN,1962
1844,Wayne Embry,CIN,1964
1845,Wayne Embry,CIN,1965
1846,Wes Unseld,BAL,1969
1847,Wes Unseld,BAL,1971
1848,Wes Unseld,BAL,1972
1849,Wes Unseld,BAL,1973
1850,Wes Unseld,WSB,1975
1851,Willie Naulls,NYK,1958
1852,Willie Naulls,NYK,1960
1853,Willie Naulls,NYK,1961
1854,Willie Naulls,NYK,1962
1855,Willis Reed,NYK,1965
1856,Willis Reed,NYK,1966
1857,Willis Reed,NYK,1967
1858,Willis Reed,NYK,1968
1859,Willis Reed,NYK,1969
1860,Willis Reed,NYK,1970
1861,Willis Reed,NYK,1971
1862,Wilt Chamberlain,PHW,1960
1863,Wilt Chamberlain,PHW,1961
1864,Wilt Chamberlain,PHW,1962
1865,Wilt Chamberlain,SFW,1963
1866,Wilt Chamberlain,SFW,1964
1867,Wilt Chamberlain,SFW,1965
1868,Wilt Chamberlain,PHI,1966
1869,Wilt Chamberlain,PHI,1967
1870,Wilt Chamberlain,PHI,1968
1871,Wilt Chamberlain,LAL,1969
1872,Wilt Chamberlain,LAL,1971
1873,Wilt Chamberlain,LAL,1972
1874,Wilt Chamberlain,LAL,1973
1875,Woody Sauldsberry,PHW,1959
1876,World B. Free,SDC,1980
1877,Xavier McDaniel,SEA,1988
1878,Yao Ming,HOU,2003
1879,Yao Ming,HOU,2004
1880,Yao Ming,HOU,2005
1881,Yao Ming,HOU,2006
1882,Yao Ming,HOU,2008
1883,Yao Ming,HOU,2009
1884,Zach Randolph,MEM,2010
1885,Zach Randolph,MEM,2013
1886,Zelmo Beaty,STL,1966
1887,Zelmo Beaty,STL,1968
1888,Zydrunas Ilgauskas,CLE,2003
1889,Zydrunas Ilgauskas,CLE,2005
