YR,Rank,Player,Age,Tm,First,Pts Won,Pts Max,Share
1985,1,Mark Eaton,28,UTA,32,32,78,0.41
1985,2,Sidney Moncrief,27,MIL,13,13,78,0.167
1985,3,Paul Pressey,26,MIL,10,10,78,0.128
1985,4,Michael Cooper,28,LAL,9,9,78,0.115
1985,5,Maurice Cheeks,28,PHI,5,5,78,0.064
1985,6,Dennis Johnson,30,BOS,3,3,78,0.038
1985,7T,T.R. Dunn,29,DEN,2,2,78,0.026
1985,7T,Micheal Ray Richardson,29,NJN,2,2,78,0.026
1985,7T,Danny Vranes,26,SEA,2,2,78,0.026
1986,1,Alvin Robertson,23,SAS,27,27,78,0.346
1986,2,Manute Bol,23,WSB,22,22,78,0.282
1986,3,Sidney Moncrief,28,MIL,8,8,78,0.103
1987,1,Michael Cooper,30,LAL,25,25,78,0.321
1987,2,Alvin Robertson,24,SAS,16,16,78,0.205
1987,3,Mark Eaton,30,UTA,10,10,78,0.128
1987,4,Manute Bol,24,WSB,8,8,78,0.103
1987,5,Kevin McHale,29,BOS,5,5,78,0.064
1987,6,Maurice Cheeks,30,PHI,4,4,78,0.051
1987,7,Dennis Johnson,32,BOS,3,3,78,0.038
1987,8T,T.R. Dunn,31,DEN,1,1,78,0.013
1987,8T,Bill Hanzlik,29,DEN,1,1,78,0.013
1987,8T,Derek Harper,25,DAL,1,1,78,0.013
1987,8T,Michael Jordan,23,CHI,1,1,78,0.013
1987,8T,Fat Lever,26,DEN,1,1,78,0.013
1987,8T,Paul Pressey,28,MIL,1,1,78,0.013
1987,8T,Doc Rivers,25,ATL,1,1,78,0.013
1988,1,Michael Jordan,24,CHI,37,37,80,0.462
1988,2,Mark Eaton,31,UTA,9,9,80,0.112
1988,3,Hakeem Olajuwon,25,HOU,7,7,80,0.088
1989,1,Mark Eaton,32,UTA,26,26,85,0.306
1989,2,Hakeem Olajuwon,26,HOU,25,25,85,0.294
1989,3,Dennis Rodman,27,DET,23,23,85,0.271
1989,4,Manute Bol,26,GSW,4,4,85,0.047
1989,5,Michael Jordan,25,CHI,3,3,85,0.035
1989,6,Patrick Ewing,26,NYK,2,2,85,0.024
1989,7T,Fat Lever,28,DEN,1,1,85,0.012
1989,7T,Buck Williams,28,NJN,1,1,85,0.012
1990,1,Dennis Rodman,28,DET,49,49,92,0.533
1990,2,Hakeem Olajuwon,27,HOU,35,35,92,0.38
1990,3T,Joe Dumars,26,DET,2,2,92,0.022
1990,3T,Derek Harper,28,DAL,2,2,92,0.022
1990,5T,Mark Eaton,33,UTA,1,1,92,0.011
1990,5T,Patrick Ewing,27,NYK,1,1,92,0.011
1990,5T,Michael Jordan,26,CHI,1,1,92,0.011
1990,5T,Alvin Robertson,27,MIL,1,1,92,0.011
1991,1,Dennis Rodman,29,DET,51,51,96,0.531
1991,2,David Robinson,25,SAS,18,18,96,0.188
1991,3,Alvin Robertson,28,MIL,15,15,96,0.156
1991,4,Joe Dumars,27,DET,3,3,96,0.031
1991,5T,Hakeem Olajuwon,28,HOU,2,2,96,0.021
1991,5T,Buck Williams,30,POR,2,2,96,0.021
1991,7T,Patrick Ewing,28,NYK,1,1,96,0.01
1991,7T,Derek Harper,29,DAL,1,1,96,0.01
1991,7T,Michael Jordan,27,CHI,1,1,96,0.01
1991,7T,Scottie Pippen,25,CHI,1,1,96,0.01
1991,7T,John Stockton,28,UTA,1,1,96,0.01
1992,1,David Robinson,26,SAS,46,46,96,0.479
1992,2,Dennis Rodman,30,DET,39,39,96,0.406
1992,3T,Michael Jordan,28,CHI,3,3,96,0.031
1992,3T,Scottie Pippen,26,CHI,3,3,96,0.031
1992,5,Joe Dumars,28,DET,2,2,96,0.021
1992,6T,Karl Malone,28,UTA,1,1,96,0.01
1992,6T,Hakeem Olajuwon,29,HOU,1,1,96,0.01
1992,6T,Buck Williams,31,POR,1,1,96,0.01
1993,1,Hakeem Olajuwon,30,HOU,73,73,98,0.745
1993,2T,Michael Jordan,29,CHI,9,9,98,0.092
1993,2T,David Robinson,27,SAS,9,9,98,0.092
1993,4,Dennis Rodman,31,DET,3,3,98,0.031
1993,5T,Patrick Ewing,30,NYK,1,1,98,0.01
1993,5T,Dan Majerle,27,PHO,1,1,98,0.01
1993,5T,Charles Oakley,29,NYK,1,1,98,0.01
1993,5T,John Starks,27,NYK,1,1,98,0.01
1994,1,Hakeem Olajuwon,31,HOU,23,23,101,0.228
1994,2,David Robinson,28,SAS,22,22,101,0.218
1994,3,Dikembe Mutombo,27,DEN,19,19,101,0.188
1994,4,Scottie Pippen,28,CHI,11,11,101,0.109
1994,5,Gary Payton,25,SEA,9,9,101,0.089
1994,6,Dennis Rodman,32,SAS,8,8,101,0.079
1994,7T,Mookie Blaylock,26,ATL,3,3,101,0.03
1994,7T,Nate McMillan,29,SEA,3,3,101,0.03
1994,9,Charles Oakley,30,NYK,2,2,101,0.02
1994,10,Horace Grant,28,CHI,1,1,101,0.01
1995,1,Dikembe Mutombo,28,DEN,45,45,105,0.429
1995,2,Scottie Pippen,29,CHI,16,16,105,0.152
1995,3,Hakeem Olajuwon,32,HOU,13,13,105,0.124
1995,4,David Robinson,29,SAS,12,12,105,0.114
1995,5,Dennis Rodman,33,SAS,11,11,105,0.105
1995,6T,Derrick McKey,28,IND,2,2,105,0.019
1995,6T,Nate McMillan,30,SEA,2,2,105,0.019
1995,6T,Alonzo Mourning,24,CHH,2,2,105,0.019
1995,6T,Gary Payton,26,SEA,2,2,105,0.019
1996,1,Gary Payton,27,SEA,56,56,113,0.496
1996,2,Scottie Pippen,30,CHI,15,15,113,0.133
1996,3,Dikembe Mutombo,29,DEN,11,11,113,0.097
1996,4,David Robinson,30,SAS,9,9,113,0.08
1996,5,Hakeem Olajuwon,33,HOU,8,8,113,0.071
1996,6,Michael Jordan,32,CHI,7,7,113,0.062
1996,7,Dennis Rodman,34,CHI,4,4,113,0.035
1996,8T,Horace Grant,30,ORL,1,1,113,0.009
1996,8T,Bo Outlaw,24,LAC,1,1,113,0.009
1996,8T,Latrell Sprewell,25,GSW,1,1,113,0.009
1997,1,Dikembe Mutombo,30,ATL,60,60,115,0.522
1997,2,Gary Payton,28,SEA,25,25,115,0.217
1997,3,Mookie Blaylock,29,ATL,18,18,115,0.157
1997,4,Scottie Pippen,31,CHI,4,4,115,0.035
1997,5,Michael Jordan,33,CHI,3,3,115,0.026
1997,6T,Joe Dumars,33,DET,1,1,115,0.009
1997,6T,Mario Elie,33,HOU,1,1,115,0.009
1997,6T,Rick Fox,27,BOS,1,1,115,0.009
1997,6T,Horace Grant,31,ORL,1,1,115,0.009
1997,6T,Shawn Kemp,27,SEA,1,1,115,0.009
1998,1,Dikembe Mutombo,31,ATL,39,39,116,0.336
1998,2,Gary Payton,29,SEA,37,37,116,0.319
1998,3,David Robinson,32,SAS,10,10,116,0.086
1998,4,Michael Jordan,34,CHI,6,6,116,0.052
1998,5T,Mookie Blaylock,30,ATL,4,4,116,0.034
1998,5T,Tim Duncan,21,SAS,4,4,116,0.034
1998,5T,Bo Outlaw,26,ORL,4,4,116,0.034
1998,5T,Dennis Rodman,36,CHI,4,4,116,0.034
1998,9T,Anthony Mason,31,CHH,2,2,116,0.017
1998,9T,Scottie Pippen,32,CHI,2,2,116,0.017
1998,11T,Kevin Garnett,21,MIN,1,1,116,0.009
1998,11T,Kendall Gill,29,NJN,1,1,116,0.009
1998,11T,Horace Grant,32,ORL,1,1,116,0.009
1998,11T,Brevin Knight,22,CLE,1,1,116,0.009
1999,1,Alonzo Mourning,28,MIA,89,89,118,0.754
1999,2,Dikembe Mutombo,32,ATL,10,10,118,0.085
1999,3,Gary Payton,30,SEA,6,6,118,0.051
1999,4,David Robinson,33,SAS,3,3,118,0.025
1999,5T,Tim Duncan,22,SAS,2,2,118,0.017
1999,5T,Theo Ratliff,25,PHI,2,2,118,0.017
1999,7T,Michael Curry,30,MIL,1,1,118,0.008
1999,7T,Kevin Garnett,22,MIN,1,1,118,0.008
1999,7T,Eddie Jones,27,TOT,1,1,118,0.008
1999,7T,Hakeem Olajuwon,36,HOU,1,1,118,0.008
1999,7T,Scottie Pippen,33,HOU,1,1,118,0.008
1999,7T,Clifford Robinson,32,PHO,1,1,118,0.008
2000,1,Alonzo Mourning,29,MIA,62,62,121,0.512
2000,2,Shaquille O'Neal,27,LAL,21,21,121,0.174
2000,3T,Eddie Jones,28,CHH,11,11,121,0.091
2000,3T,Dikembe Mutombo,33,ATL,11,11,121,0.091
2000,5T,Kobe Bryant,21,LAL,4,4,121,0.033
2000,5T,Gary Payton,31,SEA,4,4,121,0.033
2000,7,Kevin Garnett,23,MIN,2,2,121,0.017
2000,8T,Kendall Gill,31,NJN,1,1,121,0.008
2000,8T,Jason Kidd,26,PHO,1,1,121,0.008
2000,8T,Anthony Mason,33,CHH,1,1,121,0.008
2000,8T,Bo Outlaw,28,ORL,1,1,121,0.008
2000,8T,Scottie Pippen,34,POR,1,1,121,0.008
2000,8T,Clifford Robinson,33,PHO,1,1,121,0.008
2001,1,Dikembe Mutombo,34,TOT,48,48,123,0.39
2001,2,Kevin Garnett,24,MIN,26,26,123,0.211
2001,3,Tim Duncan,24,SAS,14,14,123,0.114
2001,4,Doug Christie,30,SAC,9,9,123,0.073
2001,5T,David Robinson,35,SAS,6,6,123,0.049
2001,5T,Ben Wallace,26,DET,6,6,123,0.049
2001,7,Theo Ratliff,27,PHI,4,4,123,0.033
2001,8T,Bruce Bowen,29,MIA,2,2,123,0.016
2001,8T,Anthony Mason,34,MIA,2,2,123,0.016
2001,8T,Shaquille O'Neal,28,LAL,2,2,123,0.016
2001,11T,Kobe Bryant,22,LAL,1,1,123,0.008
2001,11T,Allen Iverson,25,PHI,1,1,123,0.008
2001,11T,Jason Kidd,27,PHO,1,1,123,0.008
2001,11T,Shawn Marion,22,PHO,1,1,123,0.008
2002,1,Ben Wallace,27,DET,116,116,120,0.967
2002,2,Kevin Garnett,25,MIN,2,2,120,0.017
2002,3T,Kobe Bryant,23,LAL,1,1,120,0.008
2002,3T,Dikembe Mutombo,35,PHI,1,1,120,0.008
2003,1,Ben Wallace,28,DET,100,531,585,0.908
2003,2,Metta World Peace,23,IND,2,122,585,0.209
2003,3,Kevin Garnett,26,MIN,8,121,585,0.207
2003,4,Tim Duncan,26,SAS,2,90,585,0.154
2003,5,Doug Christie,32,SAC,5,85,585,0.145
2003,6,Allen Iverson,27,PHI,0,29,585,0.05
2003,7,Bruce Bowen,31,SAS,0,20,585,0.034
2003,8,Kobe Bryant,24,LAL,0,16,585,0.027
2003,9,Theo Ratliff,29,ATL,0,15,585,0.026
2003,10,Eric Snow,29,PHI,0,6,585,0.01
2003,11,Gary Payton,34,TOT,0,5,585,0.009
2003,12,Kenyon Martin,25,NJN,0,4,585,0.007
2003,13T,Adonal Foyle,27,GSW,0,3,585,0.005
2003,13T,Shawn Marion,24,PHO,0,3,585,0.005
2003,13T,Shaquille O'Neal,30,LAL,0,3,585,0.005
2004,1,Metta World Peace,24,IND,80,476,605,0.787
2004,2,Ben Wallace,29,DET,26,325,605,0.537
2004,3,Theo Ratliff,30,TOT,8,90,605,0.149
2004,4,Bruce Bowen,32,SAS,4,76,605,0.126
2004,5,Andrei Kirilenko,22,UTA,2,67,605,0.111
2004,6,Kevin Garnett,27,MIN,0,36,605,0.06
2004,7,Tim Duncan,27,SAS,0,8,605,0.013
2004,8,Clifford Robinson,37,GSW,1,5,605,0.008
2004,9,Kenyon Martin,26,NJN,0,2,605,0.003
2004,10T,Kobe Bryant,25,LAL,0,1,605,0.002
2004,10T,Shaquille O'Neal,31,LAL,0,1,605,0.002
2004,10T,James Posey,27,MEM,0,1,605,0.002
2004,10T,Earl Watson,24,MEM,0,1,605,0.002
2005,1,Ben Wallace,30,DET,45,339,625,0.542
2005,2,Bruce Bowen,33,SAS,33,247,625,0.395
2005,3,Marcus Camby,30,DEN,19,168,625,0.269
2005,4,Tim Duncan,28,SAS,6,81,625,0.13
2005,5,Shawn Marion,26,PHO,5,57,625,0.091
2005,6,Larry Hughes,26,WAS,3,53,625,0.085
2005,7,Tayshaun Prince,24,DET,6,46,625,0.074
2005,8,Shaquille O'Neal,32,MIA,3,32,625,0.051
2005,9,Kevin Garnett,28,MIN,4,30,625,0.048
2005,10,Andrei Kirilenko,23,UTA,1,25,625,0.04
2005,11,Allen Iverson,29,PHI,0,10,625,0.016
2005,12T,Kirk Hinrich,24,CHI,0,6,625,0.01
2005,12T,Joel Przybilla,25,POR,0,6,625,0.01
2005,14T,Trenton Hassell,25,MIN,0,4,625,0.006
2005,14T,Andre Iguodala,21,PHI,0,4,625,0.006
2005,16T,Rasheed Wallace,30,DET,0,3,625,0.005
2005,16T,David Wesley,34,TOT,0,3,625,0.005
2005,18T,Tyson Chandler,22,CHI,0,2,625,0.003
2005,18T,Manu Ginobili,27,SAS,0,2,625,0.003
2005,18T,Josh Howard,24,DAL,0,2,625,0.003
2005,21T,Shane Battier,26,MEM,0,1,625,0.002
2005,21T,Dwight Howard,19,ORL,0,1,625,0.002
2005,21T,Andres Nocioni,25,CHI,0,1,625,0.002
2005,21T,Emeka Okafor,22,CHA,0,1,625,0.002
2005,21T,Dwyane Wade,23,MIA,0,1,625,0.002
2006,1,Ben Wallace,31,DET,58,420,620,0.677
2006,2,Bruce Bowen,34,SAS,38,308,620,0.497
2006,3,Andrei Kirilenko,24,UTA,12,121,620,0.195
2006,4,Metta World Peace,26,TOT,6,65,620,0.105
2006,5,Marcus Camby,31,DEN,3,55,620,0.089
2006,6,Tim Duncan,29,SAS,3,42,620,0.068
2006,7,Shawn Marion,27,PHO,0,33,620,0.053
2006,8,Alonzo Mourning,35,MIA,4,29,620,0.047
2006,9,Gerald Wallace,23,CHA,0,27,620,0.044
2006,10T,Shane Battier,27,MEM,0,3,620,0.005
2006,10T,Elton Brand,26,LAC,0,3,620,0.005
2006,12,Andre Iguodala,22,PHI,0,2,620,0.003
2006,13T,Raja Bell,29,PHO,0,1,620,0.002
2006,13T,P.J. Brown,36,NOK,0,1,620,0.002
2006,13T,Kevin Garnett,29,MIN,0,1,620,0.002
2006,13T,Eddie Jones,34,MEM,0,1,620,0.002
2006,13T,Andres Nocioni,26,CHI,0,1,620,0.002
2006,13T,James Posey,29,MIA,0,1,620,0.002
2006,13T,Tayshaun Prince,25,DET,0,1,620,0.002
2006,13T,Rasheed Wallace,31,DET,0,1,620,0.002
2007,1,Marcus Camby,32,DEN,70,431,650,0.663
2007,2,Bruce Bowen,35,SAS,22,206,650,0.317
2007,3,Tim Duncan,30,SAS,15,158,650,0.243
2007,4,Shawn Marion,28,PHO,7,93,650,0.143
2007,5,Shane Battier,28,HOU,7,86,650,0.132
2007,6,Ben Wallace,32,CHI,1,42,650,0.065
2007,7,Gerald Wallace,24,CHA,3,27,650,0.042
2007,8,Metta World Peace,27,SAC,1,20,650,0.031
2007,9,Tyson Chandler,24,NOK,0,15,650,0.023
2007,10,Jermaine O'Neal,28,IND,1,11,650,0.017
2007,11T,Emeka Okafor,24,CHA,0,10,650,0.015
2007,11T,Tayshaun Prince,26,DET,0,10,650,0.015
2007,13T,Kevin Garnett,30,MIN,0,7,650,0.011
2007,13T,Kirk Hinrich,26,CHI,0,7,650,0.011
2007,13T,Andrei Kirilenko,25,UTA,0,7,650,0.011
2007,16T,Dwight Howard,21,ORL,1,6,650,0.009
2007,16T,Quinton Ross,25,LAC,1,6,650,0.009
2007,18T,Udonis Haslem,26,MIA,1,5,650,0.008
2007,18T,Josh Howard,26,DAL,0,5,650,0.008
2007,20,Luol Deng,21,CHI,0,4,650,0.006
2007,21T,Caron Butler,26,WAS,0,3,650,0.005
2007,21T,Josh Smith,21,ATL,0,3,650,0.005
2007,23,Raja Bell,30,PHO,0,2,650,0.003
2007,24T,Kobe Bryant,28,LAL,0,1,650,0.002
2007,24T,Devin Harris,23,DAL,0,1,650,0.002
2007,24T,Andre Iguodala,23,PHI,0,1,650,0.002
2007,24T,Yao Ming,26,HOU,0,1,650,0.002
2007,24T,Alonzo Mourning,36,MIA,0,1,650,0.002
2007,24T,Anthony Parker,31,TOR,0,1,650,0.002
2008,1,Kevin Garnett,31,BOS,90,493,620,0.795
2008,2,Marcus Camby,33,DEN,12,178,620,0.287
2008,3,Shane Battier,29,HOU,11,175,620,0.282
2008,4,Bruce Bowen,36,SAS,7,80,620,0.129
2008,5,Kobe Bryant,29,LAL,0,40,620,0.065
2008,6,Josh Smith,22,ATL,1,34,620,0.055
2008,7T,Dwight Howard,22,ORL,1,24,620,0.039
2008,7T,Chris Paul,22,NOH,1,24,620,0.039
2008,9,Tim Duncan,31,SAS,0,22,620,0.035
2008,10,Tayshaun Prince,27,DET,0,13,620,0.021
2008,11,Tyson Chandler,25,NOH,1,10,620,0.016
2008,12,Rasheed Wallace,33,DET,0,9,620,0.015
2008,13T,Raja Bell,31,PHO,0,3,620,0.005
2008,13T,Samuel Dalembert,26,PHI,0,3,620,0.005
2008,13T,Richard Hamilton,29,DET,0,3,620,0.005
2008,16T,Chauncey Billups,31,DET,0,1,620,0.002
2008,16T,Andrei Kirilenko,26,UTA,0,1,620,0.002
2008,16T,Kyle Lowry,21,MEM,0,1,620,0.002
2008,16T,Rajon Rondo,21,BOS,0,1,620,0.002
2008,16T,Metta World Peace,28,SAC,0,1,620,0.002
2009,1,Dwight Howard,23,ORL,105,542,595,0.911
2009,2,LeBron James,24,CLE,4,148,595,0.249
2009,3,Dwyane Wade,27,MIA,3,90,595,0.151
2009,4,Shane Battier,30,HOU,2,71,595,0.119
2009,5,Metta World Peace,29,HOU,1,54,595,0.091
2009,6,Chris Paul,23,NOH,1,49,595,0.082
2009,7,Kobe Bryant,30,LAL,2,43,595,0.072
2009,8,Kevin Garnett,32,BOS,1,31,595,0.052
2009,9,Chris Andersen,30,DEN,0,10,595,0.017
2009,10,Rajon Rondo,22,BOS,0,8,595,0.013
2009,11,Tim Duncan,32,SAS,0,7,595,0.012
2009,12,Raja Bell,32,TOT,0,4,595,0.007
2009,13T,Andre Iguodala,25,PHI,0,3,595,0.005
2009,13T,Anderson Varejao,26,CLE,0,3,595,0.005
2009,15,Ronny Turiaf,26,GSW,0,2,595,0.003
2009,16T,Trevor Ariza,23,LAL,0,1,595,0.002
2009,16T,Marcus Camby,34,LAC,0,1,595,0.002
2009,16T,Grant Hill,36,PHO,0,1,595,0.002
2009,16T,Joel Przybilla,29,POR,0,1,595,0.002
2009,16T,Hedo Turkoglu,29,ORL,0,1,595,0.002
2010,1,Dwight Howard,24,ORL,110,576,610,0.944
2010,2,Josh Smith,24,ATL,3,136,610,0.223
2010,3,Gerald Wallace,27,CHA,1,113,610,0.185
2010,4,LeBron James,25,CLE,4,61,610,0.1
2010,5,Rajon Rondo,23,BOS,1,55,610,0.09
2010,6,Metta World Peace,30,LAL,0,29,610,0.048
2010,7,Andrew Bogut,25,MIL,1,23,610,0.038
2010,8,Thabo Sefolosha,25,OKC,2,20,610,0.033
2010,9,Anderson Varejao,27,CLE,0,18,610,0.03
2010,10T,Marcus Camby,35,TOT,0,13,610,0.021
2010,10T,Dwyane Wade,28,MIA,0,13,610,0.021
2010,12,Kobe Bryant,31,LAL,0,9,610,0.015
2010,13,Shawn Marion,31,DAL,0,8,610,0.013
2010,14,Tim Duncan,33,SAS,0,7,610,0.011
2010,15,Shane Battier,31,HOU,0,5,610,0.008
2010,16,Andrei Kirilenko,28,UTA,0,4,610,0.007
2010,17T,Arron Afflalo,24,DEN,0,1,610,0.002
2010,17T,Matt Barnes,29,ORL,0,1,610,0.002
2010,17T,Brendan Haywood,30,TOT,0,1,610,0.002
2010,17T,David Lee,26,NYK,0,1,610,0.002
2010,17T,Kenyon Martin,32,DEN,0,1,610,0.002
2010,17T,Luc Mbah a Moute,23,MIL,0,1,610,0.002
2010,17T,Kendrick Perkins,25,BOS,0,1,610,0.002
2010,17T,Ben Wallace,35,DET,0,1,610,0.002
2011,1,Dwight Howard,25,ORL,114,585,600,0.975
2011,2,Kevin Garnett,34,BOS,1,77,600,0.128
2011,3,Tyson Chandler,28,DAL,0,70,600,0.117
2011,4,Tony Allen,29,MEM,0,53,600,0.088
2011,5,Rajon Rondo,24,BOS,0,45,600,0.075
2011,6,Andrew Bogut,26,MIL,0,32,600,0.053
2011,7,Grant Hill,38,PHO,1,30,600,0.05
2011,8,Andre Iguodala,27,PHI,0,29,600,0.048
2011,9,LeBron James,26,MIA,0,25,600,0.042
2011,10,Luol Deng,25,CHI,0,24,600,0.04
2011,11,Kobe Bryant,32,LAL,0,18,600,0.03
2011,12T,Chuck Hayes,27,HOU,2,13,600,0.022
2011,12T,Chris Paul,25,NOH,0,13,600,0.022
2011,14,Serge Ibaka,21,OKC,0,12,600,0.02
2011,15,Joakim Noah,25,CHI,1,11,600,0.018
2011,16,Dwyane Wade,29,MIA,0,8,600,0.013
2011,17,Tim Duncan,34,SAS,0,7,600,0.012
2011,18,Metta World Peace,31,LAL,0,6,600,0.01
2011,19T,Keith Bogans,30,CHI,1,5,600,0.008
2011,19T,JaVale McGee,23,WAS,0,5,600,0.008
2011,21,Thabo Sefolosha,26,OKC,0,4,600,0.007
2011,22,Andrew Bynum,23,LAL,0,3,600,0.005
2011,23T,Kenyon Martin,33,DEN,0,2,600,0.003
2011,23T,Gerald Wallace,28,TOT,0,2,600,0.003
2011,25,Josh Smith,25,ATL,0,1,600,0.002
2012,1,Tyson Chandler,29,NYK,45,311,605,0.514
2012,2,Serge Ibaka,22,OKC,41,294,605,0.486
2012,3,Dwight Howard,26,ORL,18,186,605,0.307
2012,4,LeBron James,27,MIA,7,112,605,0.185
2012,5,Kevin Garnett,35,BOS,2,44,605,0.073
2012,6,Tony Allen,30,MEM,4,36,605,0.06
2012,7,Andre Iguodala,28,PHI,1,33,605,0.055
2012,8,Shawn Marion,33,DAL,2,17,605,0.028
2012,9,Luol Deng,26,CHI,1,16,605,0.026
2012,10,Josh Smith,26,ATL,0,9,605,0.015
2012,11,Joakim Noah,26,CHI,0,6,605,0.01
2012,12T,Marc Gasol,27,MEM,0,5,605,0.008
2012,12T,Chris Paul,26,LAC,0,5,605,0.008
2012,14T,Avery Bradley,21,BOS,0,2,605,0.003
2012,14T,Mike Conley,24,MEM,0,2,605,0.003
2012,14T,Grant Hill,39,PHO,0,2,605,0.003
2012,14T,Iman Shumpert,21,NYK,0,2,605,0.003
2012,18T,Greg Monroe,21,DET,0,1,605,0.002
2012,18T,Dwyane Wade,30,MIA,0,1,605,0.002
2012,18T,Russell Westbrook,23,OKC,0,1,605,0.002
2013,1,Marc Gasol,28,MEM,30,212,605,0.35
2013,2,LeBron James,28,MIA,18,149,605,0.246
2013,3,Serge Ibaka,23,OKC,14,122,605,0.202
2013,4,Joakim Noah,27,CHI,13,107,605,0.177
2013,5,Tony Allen,31,MEM,9,102,605,0.169
2013,6,Tim Duncan,36,SAS,11,94,605,0.155
2013,7,Larry Sanders,24,MIL,4,90,605,0.149
2013,8,Paul George,22,IND,8,57,605,0.094
2013,9,Andre Iguodala,29,DEN,5,43,605,0.071
2013,10,Roy Hibbert,26,IND,3,36,605,0.06
2013,11,Chris Paul,27,LAC,2,19,605,0.031
2013,12,Avery Bradley,22,BOS,2,15,605,0.025
2013,13,Tyson Chandler,30,NYK,0,11,605,0.018
2013,14,Dwight Howard,27,LAL,1,9,605,0.015
2013,15,Luol Deng,27,CHI,1,6,605,0.01
2013,16,Dwyane Wade,31,MIA,0,4,605,0.007
2013,17T,Trevor Ariza,27,WAS,0,3,605,0.005
2013,17T,Jimmy Butler,23,CHI,0,3,605,0.005
2013,17T,Kenneth Faried,23,DEN,0,3,605,0.005
2013,17T,Russell Westbrook,24,OKC,0,3,605,0.005
2013,21,Mike Conley,25,MEM,0,1,605,0.002
2014,1,Joakim Noah,28,CHI,100,555,625,0.888
2014,2,Roy Hibbert,27,IND,8,166,625,0.266
2014,3,DeAndre Jordan,25,LAC,8,121,625,0.194
2014,4,Serge Ibaka,24,OKC,2,79,625,0.126
2014,5,Andre Iguodala,30,GSW,1,47,625,0.075
2014,6,LeBron James,29,MIA,2,31,625,0.05
2014,7,Paul George,23,IND,0,30,625,0.048
2014,8T,Anthony Davis,20,NOP,1,25,625,0.04
2014,8T,Dwight Howard,28,HOU,1,25,625,0.04
2014,10,Andrew Bogut,29,GSW,1,11,625,0.018
2014,11,Kawhi Leonard,22,SAS,0,9,625,0.014
2014,12,P.J. Tucker,28,PHO,1,6,625,0.01
2014,13T,Tim Duncan,37,SAS,0,5,625,0.008
2014,13T,Chris Paul,28,LAC,0,5,625,0.008
2014,15T,Trevor Ariza,28,WAS,0,4,625,0.006
2014,15T,Marc Gasol,29,MEM,0,4,625,0.006
2014,17,Patrick Beverley,25,HOU,0,2,625,0.003
2015,1,Kawhi Leonard,23,SAS,37,333,645,0.516
2015,2,Draymond Green,24,GSW,45,317,645,0.491
2015,3,DeAndre Jordan,26,LAC,32,261,645,0.405
2015,4,Anthony Davis,21,NOP,11,107,645,0.166
2015,5,Rudy Gobert,22,UTA,2,33,645,0.051
2015,6,Andrew Bogut,30,GSW,0,31,645,0.048
2015,7,Tony Allen,33,MEM,1,29,645,0.045
2015,8,Tim Duncan,38,SAS,1,12,645,0.019
2015,9,Michael Kidd-Gilchrist,21,CHO,0,9,645,0.014
2015,10T,Jimmy Butler,25,CHI,0,7,645,0.011
2015,10T,Marc Gasol,30,MEM,0,7,645,0.011
2015,12,Joakim Noah,29,CHI,0,4,645,0.006
2015,13T,Trevor Ariza,29,HOU,0,3,645,0.005
2015,13T,LeBron James,30,CLE,0,3,645,0.005
2015,15T,Patrick Beverley,26,HOU,0,1,645,0.002
2015,15T,DeMarre Carroll,28,ATL,0,1,645,0.002
2015,15T,Nerlens Noel,20,PHI,0,1,645,0.002
2015,15T,Chris Paul,29,LAC,0,1,645,0.002
2015,15T,Hassan Whiteside,25,MIA,0,1,645,0.002
2016,1,Kawhi Leonard,24,SAS,84,547,650,0.842
2016,2,Draymond Green,25,GSW,44,421,650,0.648
2016,3,Hassan Whiteside,26,MIA,2,83,650,0.128
2016,4,DeAndre Jordan,27,LAC,0,50,650,0.077
2016,5,Paul Millsap,30,ATL,0,21,650,0.032
2016,6,Avery Bradley,25,BOS,0,14,650,0.022
2016,7,Rudy Gobert,23,UTA,0,13,650,0.02
2016,8,Tony Allen,34,MEM,0,5,650,0.008
2016,9,Anthony Davis,22,NOP,0,4,650,0.006
2016,10,Andre Drummond,22,DET,0,3,650,0.005
2016,11T,Jimmy Butler,26,CHI,0,2,650,0.003
2016,11T,LeBron James,31,CLE,0,2,650,0.003
2016,13T,Trevor Ariza,30,HOU,0,1,650,0.002
2016,13T,Jae Crowder,25,BOS,0,1,650,0.002
2016,13T,Al Horford,29,ATL,0,1,650,0.002
2016,13T,Kyle Lowry,29,TOR,0,1,650,0.002
2016,13T,Chris Paul,30,LAC,0,1,650,0.002
