YR,Rank,Player,Age,Tm,First,Pts Won,Pts Max,Share
1956,1,Bob Pettit,23,STL,35,35,81,0.432
1956,2,Paul Arizin,27,PHW,21,21,81,0.259
1956,3,Bob Cousy,27,BOS,10,10,81,0.123
1956,4,Mel Hutchins,27,FTW,9,9,81,0.111
1956,5T,Dolph Schayes,27,SYR,2,2,81,0.025
1956,5T,Bill Sharman,29,BOS,2,2,81,0.025
1956,7T,Tom Gola,23,PHW,1,1,81,0.012
1956,7T,Maurice Stokes,22,ROC,1,1,81,0.012
1957,1,Bob Cousy,28,BOS,31,31,85,0.365
1957,2,Bob Pettit,24,STL,20,20,85,0.235
1957,3,Paul Arizin,28,PHW,10,10,85,0.118
1957,4,George Yardley,28,FTW,7,7,85,0.082
1957,5T,Dolph Schayes,28,SYR,5,5,85,0.059
1957,5T,Maurice Stokes,23,ROC,5,5,85,0.059
1957,7,Bill Russell,22,BOS,2,2,85,0.024
1957,8T,Ray Felix,26,NYK,1,1,85,0.012
1957,8T,Harry Gallatin,29,NYK,1,1,85,0.012
1957,8T,Mel Hutchins,28,FTW,1,1,85,0.012
1957,8T,Kenny Sears,23,NYK,1,1,85,0.012
1957,8T,Jack Twyman,22,ROC,1,1,85,0.012
1958,1,Bill Russell,23,BOS,33,228,400,0.57
1958,2,Dolph Schayes,29,SYR,25,198,400,0.495
1958,3,George Yardley,29,DET,12,120,400,0.3
1958,4,Bob Pettit,25,STL,4,71,400,0.178
1958,5,Maurice Stokes,24,CIN,2,28,400,0.07
1958,6T,Bob Cousy,29,BOS,2,11,400,0.028
1958,6T,Bill Sharman,31,BOS,2,11,400,0.028
1958,8,Paul Arizin,29,PHW,0,8,400,0.02
1958,9,Walter Dukes,27,DET,0,4,400,0.01
1958,10,Vern Mikkelsen,29,MNL,0,3,400,0.008
1958,11,Cliff Hagan,26,STL,0,2,400,0.005
1958,12T,Neil Johnston,28,PHW,0,1,400,0.002
1958,12T,Clyde Lovellette,28,CIN,0,1,400,0.002
1958,12T,Kenny Sears,24,NYK,0,1,400,0.002
1959,1,Bob Pettit,26,STL,59,317,410,0.773
1959,2,Bill Russell,24,BOS,10,144,410,0.351
1959,3,Elgin Baylor,24,MNL,2,88,410,0.215
1959,4,Bob Cousy,30,BOS,4,71,410,0.173
1959,5,Paul Arizin,30,PHW,1,39,410,0.095
1959,6,Dolph Schayes,30,SYR,1,26,410,0.063
1959,7,Larry Costello,27,SYR,3,15,410,0.037
1959,8,Kenny Sears,25,NYK,1,12,410,0.029
1959,9,Cliff Hagan,27,STL,1,11,410,0.027
1959,10,Jack Twyman,24,CIN,0,7,410,0.017
1959,11T,Tom Gola,26,PHW,0,3,410,0.007
1959,11T,Richie Guerin,26,NYK,0,3,410,0.007
1959,11T,Dick McGuire,33,DET,0,3,410,0.007
1959,14,Gene Shue,27,DET,0,1,410,0.002
1960,1,Wilt Chamberlain,23,PHW,49,270,375,0.72
1960,2,Bill Russell,25,BOS,15,186,375,0.496
1960,3,Bob Pettit,27,STL,3,106,375,0.283
1960,4,Bob Cousy,31,BOS,4,66,375,0.176
1960,5,Elgin Baylor,25,MNL,2,40,375,0.107
1960,6,Jack Twyman,25,CIN,0,8,375,0.021
1960,7,Gene Shue,28,DET,0,7,375,0.019
1960,8T,Tom Gola,27,PHW,1,6,375,0.016
1960,8T,Dolph Schayes,31,SYR,0,6,375,0.016
1960,10,Tom Heinsohn,25,BOS,1,5,375,0.013
1960,11,Walter Dukes,29,DET,0,4,375,0.011
1960,12T,Richie Guerin,27,NYK,0,3,375,0.008
1960,12T,Willie Naulls,25,NYK,0,3,375,0.008
1960,14,Cliff Hagan,28,STL,0,1,375,0.003
1961,1,Bill Russell,26,BOS,35,213,375,0.568
1961,2,Bob Pettit,28,STL,14,125,375,0.333
1961,3,Elgin Baylor,26,LAL,10,116,375,0.309
1961,4,Wilt Chamberlain,24,PHW,3,81,375,0.216
1961,5,Oscar Robertson,22,CIN,7,70,375,0.187
1961,6,Tom Heinsohn,26,BOS,3,15,375,0.04
1961,7,Dolph Schayes,32,SYR,1,12,375,0.032
1961,8,Bailey Howell,24,DET,1,9,375,0.024
1961,9,Gene Shue,29,DET,0,8,375,0.021
1961,10,Jack Twyman,26,CIN,0,6,375,0.016
1961,11,Jerry West,22,LAL,1,5,375,0.013
1961,12,Clyde Lovellette,31,STL,0,4,375,0.011
1961,13,Cliff Hagan,29,STL,0,3,375,0.008
1961,14,Richie Guerin,28,NYK,0,2,375,0.005
1961,15T,Paul Arizin,32,PHW,0,1,375,0.003
1961,15T,Willie Naulls,26,NYK,0,1,375,0.003
1961,15T,Kenny Sears,27,NYK,0,1,375,0.003
1962,1,Bill Russell,27,BOS,51,297,425,0.699
1962,2,Wilt Chamberlain,25,PHW,9,152,425,0.358
1962,3,Oscar Robertson,23,CIN,13,135,425,0.318
1962,4,Elgin Baylor,27,LAL,3,82,425,0.193
1962,5,Jerry West,23,LAL,6,60,425,0.141
1962,6,Bob Pettit,29,STL,2,31,425,0.073
1962,7,Richie Guerin,29,NYK,1,5,425,0.012
1962,8,Bob Cousy,33,BOS,0,3,425,0.007
1963,1,Bill Russell,28,BOS,56,341,475,0.718
1963,2,Elgin Baylor,28,LAL,19,221,475,0.465
1963,3,Oscar Robertson,24,CIN,13,191,475,0.402
1963,4,Bob Pettit,30,STL,3,84,475,0.177
1963,5,Jerry West,24,LAL,2,19,475,0.04
1963,6,Red Kerr,30,SYR,1,13,475,0.027
1963,7,Wilt Chamberlain,26,SFW,0,9,475,0.019
1963,8T,Terry Dischinger,22,CHZ,1,5,475,0.011
1963,8T,Bob Cousy,34,BOS,0,5,475,0.011
1963,10,John Havlicek,22,BOS,0,3,475,0.006
1963,11T,John Barnhill,24,STL,0,1,475,0.002
1963,11T,Walt Bellamy,23,CHZ,0,1,475,0.002
1964,1,Oscar Robertson,25,CIN,60,362,480,0.754
1964,2,Wilt Chamberlain,27,SFW,19,215,480,0.448
1964,3,Bill Russell,29,BOS,11,167,480,0.348
1964,4,Bob Pettit,31,STL,4,69,480,0.144
1964,5,Jerry West,25,LAL,2,39,480,0.081
1964,6T,Elgin Baylor,29,LAL,0,3,480,0.006
1964,6T,Hal Greer,27,PHI,0,3,480,0.006
1964,6T,Gus Johnson,25,BAL,0,3,480,0.006
1964,9T,Wayne Embry,26,CIN,0,1,480,0.002
1964,9T,Sam Jones,30,BOS,0,1,480,0.002
1964,9T,Jerry Lucas,23,CIN,0,1,480,0.002
1965,1,Bill Russell,30,BOS,53,53,99,0.535
1965,2,Oscar Robertson,26,CIN,21,21,99,0.212
1965,3,Jerry West,26,LAL,20,20,99,0.202
1965,4,Sam Jones,31,BOS,4,4,99,0.04
1965,5,Wilt Chamberlain,28,TOT,1,1,99,0.01
1966,1,Wilt Chamberlain,29,PHI,48,181,445,0.407
1966,2,Jerry West,27,LAL,16,101,445,0.227
1966,3,Oscar Robertson,27,CIN,14,93,445,0.209
1966,4,Bill Russell,31,BOS,7,69,445,0.155
1966,5T,Sam Jones,32,BOS,2,11,445,0.025
1966,5T,Jerry Lucas,25,CIN,2,11,445,0.025
1967,1,Wilt Chamberlain,30,PHI,80,444,525,0.846
1967,2,Nate Thurmond,25,SFW,15,170,525,0.324
1967,3,Bill Russell,32,BOS,5,96,525,0.183
1967,4,Oscar Robertson,28,CIN,3,93,525,0.177
1967,5,Rick Barry,22,SFW,2,52,525,0.099
1968,1,Wilt Chamberlain,31,PHI,88,504,675,0.747
1968,2,Lenny Wilkens,30,STL,26,216,675,0.32
1968,3,Elgin Baylor,33,LAL,9,129,675,0.191
1968,4,Dave Bing,24,DET,9,127,675,0.188
1968,5,Oscar Robertson,29,CIN,3,93,675,0.138
1969,1,Wes Unseld,22,BAL,53,310,515,0.602
1969,2,Willis Reed,26,NYK,18,137,515,0.266
1969,3,Billy Cunningham,25,PHI,15,130,515,0.252
1969,4,Bill Russell,34,BOS,11,93,515,0.181
1969,5,Elgin Baylor,34,LAL,6,89,515,0.173
1970,1,Willis Reed,27,NYK,61,498,750,0.664
1970,2,Jerry West,31,LAL,51,457,750,0.609
1970,3,Kareem Abdul-Jabbar,22,MIL,30,335,750,0.447
1970,4,Walt Frazier,24,NYK,4,50,750,0.067
1970,5T,Billy Cunningham,26,PHI,2,27,750,0.036
1970,5T,Connie Hawkins,27,PHO,2,27,750,0.036
1971,1,Kareem Abdul-Jabbar,23,MIL,133,698,765,0.912
1971,2,Jerry West,32,LAL,4,166,765,0.217
1971,3,Dave Bing,27,DET,6,119,765,0.156
1971,4,Willis Reed,28,NYK,5,109,765,0.142
1971,5,Oscar Robertson,32,MIL,5,63,765,0.082
1972,1,Kareem Abdul-Jabbar,24,MIL,81,581,820,0.709
1972,2,Jerry West,33,LAL,44,393,820,0.479
1972,3,Wilt Chamberlain,35,LAL,36,294,820,0.359
1972,4,John Havlicek,31,BOS,1,65,820,0.079
1972,5,Spencer Haywood,22,SEA,2,49,820,0.06
1973,1,Dave Cowens,24,BOS,67,444,875,0.507
1973,2,Kareem Abdul-Jabbar,25,MIL,33,339,875,0.387
1973,3,Tiny Archibald,24,KCO,44,319,875,0.365
1973,4,Wilt Chamberlain,36,LAL,12,123,875,0.141
1973,5,John Havlicek,32,BOS,5,88,875,0.101
1973,6,Jerry West,34,LAL,1,70,875,0.08
1973,7T,Walt Frazier,27,NYK,4,40,875,0.046
1973,7T,Spencer Haywood,23,SEA,4,40,875,0.046
1973,9,Nate Thurmond,31,GSW,2,33,875,0.038
1973,10,Elvin Hayes,27,BAL,1,18,875,0.021
1973,11T,Dave DeBusschere,32,NYK,0,9,875,0.01
1973,11T,Bob Love,30,CHI,0,9,875,0.01
1973,13,Elmore Smith,23,BUF,0,6,875,0.007
1973,14T,Bob Lanier,24,DET,1,5,875,0.006
1973,14T,Wes Unseld,26,BAL,1,5,875,0.006
1973,16T,Sidney Wicks,23,POR,0,3,875,0.003
1973,16T,Lenny Wilkens,35,CLE,0,3,875,0.003
1973,18T,Lucius Allen,25,MIL,0,1,875,0.001
1973,18T,Rick Barry,28,GSW,0,1,875,0.001
1973,18T,Dave Bing,29,DET,0,1,875,0.001
1973,18T,Lou Hudson,28,ATL,0,1,875,0.001
1974,1,Kareem Abdul-Jabbar,26,MIL,74,528,905,0.583
1974,2,Bob McAdoo,22,BUF,60,451,905,0.498
1974,3,Bob Lanier,25,DET,37,395,905,0.436
1974,4,Dave Cowens,25,BOS,3,91,905,0.101
1974,5,Elvin Hayes,28,CAP,4,74,905,0.082
1974,6,Walt Frazier,28,NYK,2,24,905,0.027
1974,7,Rick Barry,29,GSW,0,10,905,0.011
1974,8,Nate Thurmond,32,GSW,1,8,905,0.009
1974,9T,John Havlicek,33,BOS,0,5,905,0.006
1974,9T,Norm Van Lier,26,CHI,0,5,905,0.006
1974,11T,Dave Bing,30,DET,0,3,905,0.003
1974,11T,Phil Chenier,23,CAP,0,3,905,0.003
1974,11T,Dave DeBusschere,33,NYK,0,3,905,0.003
1974,11T,Clifford Ray,25,CHI,0,3,905,0.003
1974,15T,Lucius Allen,26,MIL,0,2,905,0.002
1974,15T,Bob Love,31,CHI,0,2,905,0.002
1974,17T,Spencer Haywood,24,SEA,0,1,905,0.001
1974,17T,Clyde Lee,29,GSW,0,1,905,0.001
1974,17T,Pete Maravich,26,ATL,0,1,905,0.001
1974,17T,Rudy Tomjanovich,25,HOU,0,1,905,0.001
1975,1,Bob McAdoo,23,BUF,81,547,965,0.567
1975,2,Dave Cowens,26,BOS,32,310,965,0.321
1975,3,Elvin Hayes,29,WSB,37,289,965,0.299
1975,4,Rick Barry,30,GSW,16,254,965,0.263
1975,5,Kareem Abdul-Jabbar,27,MIL,13,161,965,0.167
1975,6,Tiny Archibald,26,KCO,2,30,965,0.031
1975,7,John Havlicek,34,BOS,3,23,965,0.024
1975,8,Phil Chenier,24,WSB,3,20,965,0.021
1975,9,Wes Unseld,28,WSB,2,18,965,0.019
1975,10,Sam Lacey,26,KCO,2,13,965,0.013
1975,11,Norm Van Lier,27,CHI,0,9,965,0.009
1975,12,Sidney Wicks,25,POR,1,8,965,0.008
1975,13T,Spencer Haywood,25,SEA,0,7,965,0.007
1975,13T,Bob Lanier,26,DET,0,7,965,0.007
1975,15,Walt Frazier,29,NYK,0,6,965,0.006
1975,16T,Mike Bantom,23,PHO,1,5,965,0.005
1975,16T,Earl Monroe,30,NYK,0,5,965,0.005
1975,16T,Chet Walker,34,CHI,0,5,965,0.005
1975,19,Bob Love,32,CHI,0,4,965,0.004
1975,20,Jim Chones,25,CLE,0,3,965,0.003
1975,21T,Fred Brown,26,SEA,0,1,965,0.001
1975,21T,Rudy Tomjanovich,26,HOU,0,1,965,0.001
1976,1,Kareem Abdul-Jabbar,28,LAL,52,409,925,0.442
1976,2,Bob McAdoo,24,BUF,47,393,925,0.425
1976,3,Dave Cowens,27,BOS,48,378,925,0.409
1976,4,Rick Barry,31,GSW,20,201,925,0.217
1976,5,George McGinnis,25,PHI,4,80,925,0.086
1976,6,Dave Bing,32,WSB,2,35,925,0.038
1976,7,Phil Smith,23,GSW,2,25,925,0.027
1976,8,Elvin Hayes,30,WSB,1,17,925,0.018
1976,9T,Jim Chones,26,CLE,2,13,925,0.014
1976,9T,Tiny Archibald,27,KCK,1,13,925,0.014
1976,11,Wes Unseld,29,WSB,0,12,925,0.013
1976,12,Earl Monroe,31,NYK,2,11,925,0.012
1976,13,Fred Brown,27,SEA,1,10,925,0.011
1976,14,Paul Silas,32,BOS,1,9,925,0.01
1976,15,Pete Maravich,28,NOJ,0,7,925,0.008
1976,16,Clifford Ray,27,GSW,0,6,925,0.006
1976,17T,Walt Frazier,30,NYK,1,5,925,0.005
1976,17T,Jamaal Wilkes,22,GSW,1,5,925,0.005
1976,17T,Phil Chenier,25,WSB,0,5,925,0.005
1976,20T,Doug Collins,24,PHI,0,3,925,0.003
1976,20T,John Drew,21,ATL,0,3,925,0.003
1976,20T,Steve Mix,28,PHI,0,3,925,0.003
1976,20T,Jo Jo White,29,BOS,0,3,925,0.003
1976,24T,Bob Dandridge,28,MIL,0,1,925,0.001
1976,24T,John Havlicek,35,BOS,0,1,925,0.001
1976,24T,Truck Robinson,24,WSB,0,1,925,0.001
1976,24T,Randy Smith,27,BUF,0,1,925,0.001
1976,24T,Norm Van Lier,28,CHI,0,1,925,0.001
1976,24T,Bill Walton,23,POR,0,1,925,0.001
1976,24T,Paul Westphal,25,PHO,0,1,925,0.001
1977,1,Kareem Abdul-Jabbar,29,LAL,159,159,247,0.644
1977,2,Bill Walton,24,POR,29,29,247,0.117
1977,3,Pete Maravich,29,NOJ,15,15,247,0.061
1977,4,Bob Lanier,28,DET,11,11,247,0.045
1977,5,Julius Erving,26,PHI,7,7,247,0.028
1977,6,Moses Malone,21,TOT,6,6,247,0.024
1977,7T,Elvin Hayes,31,WSB,5,5,247,0.02
1977,7T,David Thompson,22,DEN,5,5,247,0.02
1977,9,Maurice Lucas,24,POR,4,4,247,0.016
1977,10,Artis Gilmore,27,CHI,2,2,247,0.008
1977,11T,George Gervin,24,SAS,1,1,247,0.004
1977,11T,George McGinnis,26,PHI,1,1,247,0.004
1977,11T,Norm Van Lier,29,CHI,1,1,247,0.004
1977,11T,Jo Jo White,30,BOS,1,1,247,0.004
1978,1,Bill Walton,25,POR,96,96,238,0.403
1978,2,George Gervin,25,SAS,80.5,80.5,238,0.338
1978,3,David Thompson,23,DEN,28.5,28.5,238,0.12
1978,4,Kareem Abdul-Jabbar,30,LAL,14,14,238,0.059
1978,5,Walter Davis,23,PHO,4,4,238,0.017
1978,6T,Maurice Lucas,25,POR,3,3,238,0.013
1978,6T,Paul Westphal,27,PHO,3,3,238,0.013
1978,8T,Artis Gilmore,28,CHI,2,2,238,0.008
1978,8T,Truck Robinson,26,NOJ,2,2,238,0.008
1978,10T,Julius Erving,27,PHI,1,1,238,0.004
1978,10T,Marques Johnson,21,MIL,1,1,238,0.004
1978,10T,Bob Lanier,29,DET,1,1,238,0.004
1978,10T,Bob McAdoo,26,NYK,1,1,238,0.004
1978,10T,Marvin Webster,25,SEA,1,1,238,0.004
1979,1,Moses Malone,23,HOU,112,112,215,0.521
1979,2,George Gervin,26,SAS,35,35,215,0.163
1979,3,Elvin Hayes,33,WSB,28,28,215,0.13
1979,4,Kareem Abdul-Jabbar,31,LAL,15,15,215,0.07
1979,5,Bob Dandridge,31,WSB,7,7,215,0.033
1979,6,World B. Free,25,SDC,5,5,215,0.023
1979,7,Jack Sikma,23,SEA,4,4,215,0.019
1979,8T,Phil Ford,22,KCK,3,3,215,0.014
1979,8T,David Thompson,24,DEN,3,3,215,0.014
1979,10,Walter Davis,24,PHO,2,2,215,0.009
1980,1,Kareem Abdul-Jabbar,32,LAL,147,147,221,0.665
1980,2,Julius Erving,29,PHI,31.5,31.5,221,0.143
1980,3,George Gervin,27,SAS,19,19,221,0.086
1980,4,Larry Bird,23,BOS,15,15,221,0.068
1980,5T,Tiny Archibald,31,BOS,2,2,221,0.009
1980,5T,Dennis Johnson,25,SEA,2,2,221,0.009
1980,5T,Dan Roundfield,26,ATL,2,2,221,0.009
1980,8,Gus Williams,26,SEA,1.5,1.5,221,0.007
1980,9,Moses Malone,24,HOU,1,1,221,0.005
1981,1,Julius Erving,30,PHI,28,454,690,0.658
1981,2,Larry Bird,24,BOS,20,423,690,0.613
1981,3,Kareem Abdul-Jabbar,33,LAL,8,286,690,0.414
1981,4,Moses Malone,25,HOU,8,180,690,0.261
1981,5,George Gervin,28,SAS,1,83,690,0.12
1981,6,Marques Johnson,24,MIL,1,73,690,0.106
1981,7,Robert Parish,27,BOS,0,53,690,0.077
1981,8,Dennis Johnson,26,PHO,0,50,690,0.072
1981,9,Tiny Archibald,32,BOS,0,32,690,0.046
1981,10,Jamaal Wilkes,27,LAL,0,19,690,0.028
1981,11,Magic Johnson,21,LAL,0,18,690,0.026
1981,12T,Adrian Dantley,24,UTA,1,15,690,0.022
1981,12T,Phil Ford,24,KCK,1,15,690,0.022
1981,14,Bernard King,24,GSW,0,12,690,0.017
1981,15T,Kelvin Ransey,22,POR,1,11,690,0.016
1981,15T,Jack Sikma,25,SEA,0,11,690,0.016
1981,17T,Otis Birdsong,25,KCK,0,7,690,0.01
1981,17T,Micheal Ray Richardson,25,NYK,0,7,690,0.01
1981,19T,Truck Robinson,29,PHO,0,6,690,0.009
1981,19T,Reggie Theus,23,CHI,0,6,690,0.009
1981,21,Norm Nixon,25,LAL,0,5,690,0.007
1981,22T,Artis Gilmore,31,CHI,0,4,690,0.006
1981,22T,Bob Lanier,32,MIL,0,4,690,0.006
1981,24T,Michael Cooper,24,LAL,0,3,690,0.004
1981,24T,Walter Davis,26,PHO,0,3,690,0.004
1981,24T,George Johnson,32,SAS,0,3,690,0.004
1981,24T,Bobby Jones,29,PHI,0,3,690,0.004
1981,24T,Mike Mitchell,25,CLE,0,3,690,0.004
1981,24T,James Silas,31,SAS,0,3,690,0.004
1981,30T,Quinn Buckner,26,MIL,0,1,690,0.001
1981,30T,Caldwell Jones,30,PHI,0,1,690,0.001
1982,1,Moses Malone,26,HOU,40,507,690,0.735
1982,2,Larry Bird,25,BOS,20,456,690,0.661
1982,3,Julius Erving,31,PHI,1,203,690,0.294
1982,4,Robert Parish,28,BOS,4,131,690,0.19
1982,5,Gus Williams,28,SEA,2,115,690,0.167
1982,6,George Gervin,29,SAS,1,110,690,0.159
1982,7,Sidney Moncrief,24,MIL,1,101,690,0.146
1982,8,Magic Johnson,22,LAL,0,67,690,0.097
1982,9,Jack Sikma,26,SEA,0,33,690,0.048
1982,10,Kareem Abdul-Jabbar,34,LAL,0,31,690,0.045
1982,11T,Dan Roundfield,28,ATL,0,14,690,0.02
1982,11T,Kelly Tripucka,22,DET,0,14,690,0.02
1982,13,Alex English,28,DEN,0,12,690,0.017
1982,14,Bernard King,25,GSW,0,10,690,0.014
1982,15,Adrian Dantley,25,UTA,0,7,690,0.01
1982,16,Ray Williams,27,NJN,0,6,690,0.009
1982,17T,Michael Cooper,25,LAL,0,3,690,0.004
1982,17T,Dan Issel,33,DEN,0,3,690,0.004
1982,17T,Marques Johnson,25,MIL,0,3,690,0.004
1982,17T,Isiah Thomas,20,DET,0,3,690,0.004
1982,21T,Dennis Johnson,27,PHO,0,1,690,0.001
1982,21T,Mychal Thompson,27,POR,0,1,690,0.001
1982,21T,Jay Vincent,22,DAL,0,1,690,0.001
1982,21T,Jamaal Wilkes,28,LAL,0,1,690,0.001
1982,21T,Buck Williams,21,NJN,0,1,690,0.001
1983,1,Moses Malone,27,PHI,69,720,750,0.96
1983,2,Larry Bird,26,BOS,1,364,750,0.485
1983,3,Magic Johnson,23,LAL,2,304.5,750,0.406
1983,4,Sidney Moncrief,25,MIL,0,226,750,0.301
1983,5,Julius Erving,32,PHI,3,112,750,0.149
1983,6,Alex English,29,DEN,0,42,750,0.056
1983,7,Buck Williams,22,NJN,0,40,750,0.053
1983,8,Artis Gilmore,33,SAS,0,33,750,0.044
1983,9,George Gervin,30,SAS,0,30,750,0.04
1983,10,Kareem Abdul-Jabbar,35,LAL,0,15,750,0.02
1983,11,Jack Sikma,27,SEA,0,13,750,0.017
1983,12,Jeff Ruland,24,WSB,0,12,750,0.016
1983,13,Terry Cummings,21,SDC,0,10,750,0.013
1983,14,Maurice Lucas,30,PHO,0,9,750,0.012
1983,15,Alton Lister,24,MIL,0,5,750,0.007
1983,16T,Bernard King,26,NYK,0,4,750,0.005
1983,16T,Isiah Thomas,21,DET,0,4,750,0.005
1983,18T,Larry Drew,24,KCK,0,3,750,0.004
1983,18T,Gus Williams,29,SEA,0,3,750,0.004
1983,20,Dan Roundfield,29,ATL,0,2,750,0.003
1983,21,Marques Johnson,26,MIL,0,1.5,750,0.002
1983,22T,Norm Nixon,27,LAL,0,1,750,0.001
1983,22T,Kiki Vandeweghe,24,DEN,0,1,750,0.001
1984,1,Larry Bird,27,BOS,52,652,760,0.858
1984,2,Bernard King,27,NYK,11,373,760,0.491
1984,3,Magic Johnson,24,LAL,5,305,760,0.401
1984,4,Kareem Abdul-Jabbar,36,LAL,3,153,760,0.201
1984,5,Isiah Thomas,22,DET,1,115,760,0.151
1984,6,Julius Erving,33,PHI,1,98,760,0.129
1984,7,Adrian Dantley,27,UTA,1,88,760,0.116
1984,8,Sidney Moncrief,26,MIL,1,70,760,0.092
1984,9,Jeff Ruland,25,WSB,1,38,760,0.05
1984,10,Moses Malone,28,PHI,0,35,760,0.046
1984,11,Mark Aguirre,24,DAL,0,28,760,0.037
1984,12,Bill Laimbeer,26,DET,0,9,760,0.012
1984,13,Rickey Green,29,UTA,0,8,760,0.011
1984,14T,World B. Free,30,CLE,0,1,760,0.001
1984,14T,Marques Johnson,27,MIL,0,1,760,0.001
1985,1,Larry Bird,28,BOS,73,763,780,0.978
1985,2,Magic Johnson,25,LAL,1,264,780,0.338
1985,3,Moses Malone,29,PHI,0,218,780,0.279
1985,4,Kareem Abdul-Jabbar,37,LAL,0,206,780,0.264
1985,5,Terry Cummings,23,MIL,2,138,780,0.177
1985,6,Michael Jordan,21,CHI,2,134,780,0.172
1985,7,Bernard King,28,NYK,0,70,780,0.09
1985,8,Sidney Moncrief,27,MIL,0,65,780,0.083
1985,9,Isiah Thomas,23,DET,0,63,780,0.081
1985,10,Ralph Sampson,24,HOU,0,26,780,0.033
1985,11,Calvin Natt,28,DEN,0,22,780,0.028
1985,12T,Alex English,31,DEN,0,12,780,0.015
1985,12T,Hakeem Olajuwon,22,HOU,0,12,780,0.015
1985,14,Micheal Ray Richardson,29,NJN,0,11,780,0.014
1985,15,Andrew Toney,27,PHI,0,5,780,0.006
1985,16,Mark Eaton,28,UTA,0,4,780,0.005
1985,17T,Paul Pressey,26,MIL,0,3,780,0.004
1985,17T,Jack Sikma,29,SEA,0,3,780,0.004
1985,17T,Dominique Wilkins,25,ATL,0,3,780,0.004
1985,20T,World B. Free,31,CLE,0,2,780,0.003
1985,20T,Purvis Short,27,GSW,0,2,780,0.003
1985,22T,Clyde Drexler,22,POR,0,1,780,0.001
1985,22T,Julius Erving,34,PHI,0,1,780,0.001
1986,1,Larry Bird,29,BOS,73,765,780,0.981
1986,2,Dominique Wilkins,26,ATL,5,407,780,0.522
1986,3,Magic Johnson,26,LAL,0,205,780,0.263
1986,4,Hakeem Olajuwon,23,HOU,0,193,780,0.247
1986,5,Kareem Abdul-Jabbar,38,LAL,0,135,780,0.173
1986,6,Charles Barkley,22,PHI,0,133,780,0.171
1986,7,Sidney Moncrief,28,MIL,0,56,780,0.072
1986,8,Alex English,32,DEN,0,55,780,0.071
1986,9,Isiah Thomas,24,DET,0,28,780,0.036
1986,10,Moses Malone,30,PHI,0,21,780,0.027
1986,11,Terry Cummings,24,MIL,0,9,780,0.012
1986,12,James Worthy,24,LAL,0,7,780,0.009
1986,13T,Kevin McHale,28,BOS,0,3,780,0.004
1986,13T,Paul Pressey,27,MIL,0,3,780,0.004
1986,13T,Alvin Robertson,23,SAS,0,3,780,0.004
1986,16T,Adrian Dantley,29,UTA,0,2,780,0.003
1986,16T,Buck Williams,25,NJN,0,2,780,0.003
1986,18,Dennis Johnson,31,BOS,0,1,780,0.001
1987,1,Magic Johnson,27,LAL,65,733,760,0.964
1987,2,Michael Jordan,23,CHI,10,449,760,0.591
1987,3,Larry Bird,30,BOS,1,271,760,0.357
1987,4,Kevin McHale,29,BOS,0,254,760,0.334
1987,5,Dominique Wilkins,27,ATL,0,128,760,0.168
1987,6,Charles Barkley,23,PHI,0,113,760,0.149
1987,7,Hakeem Olajuwon,24,HOU,0,28,760,0.037
1987,8,Isiah Thomas,25,DET,0,17,760,0.022
1987,9,Fat Lever,26,DEN,0,11,760,0.014
1987,10,Moses Malone,31,WSB,0,9,760,0.012
1987,11,Steve Johnson,29,POR,0,4,760,0.005
1987,12T,Karl Malone,23,UTA,0,3,760,0.004
1987,12T,Robert Parish,33,BOS,0,3,760,0.004
1987,14,Alex English,33,DEN,0,2,760,0.003
1987,15T,Mark Aguirre,27,DAL,0,1,760,0.001
1987,15T,Rolando Blackman,27,DAL,0,1,760,0.001
1987,15T,Joe Barry Carroll,28,GSW,0,1,760,0.001
1988,1,Michael Jordan,24,CHI,47,665,800,0.831
1988,2,Larry Bird,31,BOS,16,527,800,0.659
1988,3,Magic Johnson,28,LAL,16,508,800,0.635
1988,4,Charles Barkley,24,PHI,1,109,800,0.136
1988,5,Clyde Drexler,25,POR,0,86,800,0.108
1988,6,Dominique Wilkins,28,ATL,0,55,800,0.069
1988,7,Hakeem Olajuwon,25,HOU,0,40,800,0.05
1988,8,Karl Malone,24,UTA,0,36,800,0.045
1988,9,Fat Lever,27,DEN,0,26,800,0.032
1988,10,John Stockton,25,UTA,0,15,800,0.019
1988,11,Alex English,34,DEN,0,4,800,0.005
1988,12,Isiah Thomas,26,DET,0,3,800,0.004
1988,13,Mark Jackson,22,NYK,0,2,800,0.002
1988,14T,Michael Adams,25,DEN,0,1,800,0.001
1988,14T,Mark Aguirre,28,DAL,0,1,800,0.001
1988,14T,Adrian Dantley,31,DET,0,1,800,0.001
1988,14T,Buck Williams,27,NJN,0,1,800,0.001
1989,1,Magic Johnson,29,LAL,42.5,664.5,850,0.782
1989,2,Michael Jordan,25,CHI,27.5,598.8,850,0.704
1989,3,Karl Malone,25,UTA,5,362,850,0.426
1989,4,Patrick Ewing,26,NYK,8,200,850,0.235
1989,5,Hakeem Olajuwon,26,HOU,2,179.3,850,0.211
1989,6,Charles Barkley,25,PHI,0,94.3,850,0.111
1989,7,John Stockton,26,UTA,0,28,850,0.033
1989,8,Kevin Johnson,22,PHO,0,22,850,0.026
1989,9,Tom Chambers,29,PHO,0,20,850,0.024
1989,10,Mark Price,24,CLE,0,18,850,0.021
1989,11T,Brad Daugherty,23,CLE,0,4,850,0.005
1989,11T,Robert Parish,35,BOS,0,4,850,0.005
1989,13T,Mark Eaton,32,UTA,0,3,850,0.004
1989,13T,Moses Malone,33,ATL,0,3,850,0.004
1989,13T,Chris Mullin,25,GSW,0,3,850,0.004
1989,13T,Larry Nance,29,CLE,0,3,850,0.004
1989,17T,Terry Cummings,27,MIL,0,1,850,0.001
1989,17T,Joe Dumars,25,DET,0,1,850,0.001
1989,17T,Isiah Thomas,27,DET,0,1,850,0.001
1990,1,Magic Johnson,30,LAL,27,636,920,0.691
1990,2,Charles Barkley,26,PHI,38,614,920,0.667
1990,3,Michael Jordan,26,CHI,21,571,920,0.621
1990,4,Karl Malone,26,UTA,2,214,920,0.233
1990,5,Patrick Ewing,27,NYK,1,162,920,0.176
1990,6,David Robinson,24,SAS,2,102,920,0.111
1990,7,Hakeem Olajuwon,27,HOU,1,64,920,0.07
1990,8,Tom Chambers,30,PHO,0,12,920,0.013
1990,9,John Stockton,27,UTA,0,9,920,0.01
1990,10T,Larry Bird,33,BOS,0,5,920,0.005
1990,10T,Buck Williams,29,POR,0,5,920,0.005
1990,12,Clyde Drexler,27,POR,0,3,920,0.003
1990,13T,Joe Dumars,26,DET,0,1,920,0.001
1990,13T,Isiah Thomas,28,DET,0,1,920,0.001
1991,1,Michael Jordan,27,CHI,77,891,960,0.928
1991,2,Magic Johnson,31,LAL,10,497,960,0.518
1991,3,David Robinson,25,SAS,6,476,960,0.496
1991,4,Charles Barkley,27,PHI,2,222,960,0.231
1991,5,Karl Malone,27,UTA,0,142,960,0.148
1991,6,Clyde Drexler,28,POR,1,75,960,0.078
1991,7,Kevin Johnson,24,PHO,0,32,960,0.033
1991,8,Dominique Wilkins,31,ATL,0,29,960,0.03
1991,9T,Larry Bird,34,BOS,0,25,960,0.026
1991,9T,Terry Porter,27,POR,0,25,960,0.026
1991,11,Patrick Ewing,28,NYK,0,20,960,0.021
1991,12,John Stockton,28,UTA,0,15,960,0.016
1991,13,Isiah Thomas,29,DET,0,11,960,0.011
1991,14,Robert Parish,37,BOS,0,10,960,0.01
1991,15,Joe Dumars,27,DET,0,8,960,0.008
1991,16,Bernard King,34,WSB,0,7,960,0.007
1991,17,Kenny Smith,25,HOU,0,5,960,0.005
1991,18,Hakeem Olajuwon,28,HOU,0,4,960,0.004
1991,19T,Tim Hardaway,24,GSW,0,1,960,0.001
1991,19T,Kevin McHale,33,BOS,0,1,960,0.001
1992,1,Michael Jordan,28,CHI,80,900,960,0.938
1992,2,Clyde Drexler,29,POR,12,561,960,0.584
1992,3,David Robinson,26,SAS,2,337,960,0.351
1992,4,Karl Malone,28,UTA,1,262,960,0.273
1992,5,Patrick Ewing,29,NYK,0,100,960,0.104
1992,6,Chris Mullin,28,GSW,0,81,960,0.084
1992,7,Mark Price,27,CLE,0,66,960,0.069
1992,8,Tim Hardaway,25,GSW,0,64,960,0.067
1992,9,Scottie Pippen,26,CHI,1,32,960,0.033
1992,10,Dennis Rodman,30,DET,0,26,960,0.027
1992,11,Brad Daugherty,26,CLE,0,24,960,0.025
1992,12T,Charles Barkley,28,PHI,0,18,960,0.019
1992,12T,John Stockton,29,UTA,0,18,960,0.019
1992,14T,Larry Bird,35,BOS,0,2,960,0.002
1992,14T,Kevin Johnson,25,PHO,0,2,960,0.002
1992,16T,Danny Manning,25,LAC,0,1,960,0.001
1992,16T,Detlef Schrempf,29,IND,0,1,960,0.001
1993,1,Charles Barkley,29,PHO,59,835,980,0.852
1993,2,Hakeem Olajuwon,30,HOU,22,647,980,0.66
1993,3,Michael Jordan,29,CHI,13,565,980,0.577
1993,4,Patrick Ewing,30,NYK,4,359,980,0.366
1993,5,Dominique Wilkins,33,ATL,0,54,980,0.055
1993,6,David Robinson,27,SAS,0,33,980,0.034
1993,7,Shaquille O'Neal,20,ORL,0,30,980,0.031
1993,8T,Karl Malone,29,UTA,0,10,980,0.01
1993,8T,Mark Price,28,CLE,0,10,980,0.01
1993,10T,Brad Daugherty,27,CLE,0,1,980,0.001
1993,10T,Clyde Drexler,30,POR,0,1,980,0.001
1993,10T,Joe Dumars,29,DET,0,1,980,0.001
1993,10T,Shawn Kemp,23,SEA,0,1,980,0.001
1993,10T,John Stockton,30,UTA,0,1,980,0.001
1994,1,Hakeem Olajuwon,31,HOU,66,889,1010,0.88
1994,2,David Robinson,28,SAS,24,730,1010,0.723
1994,3,Scottie Pippen,28,CHI,7,390,1010,0.386
1994,4,Shaquille O'Neal,21,ORL,3,289,1010,0.286
1994,5,Patrick Ewing,31,NYK,1,255,1010,0.252
1994,6,Gary Payton,25,SEA,0,20,1010,0.02
1994,7T,Shawn Kemp,24,SEA,0,17,1010,0.017
1994,7T,Karl Malone,30,UTA,0,17,1010,0.017
1994,9,Mark Price,29,CLE,0,7,1010,0.007
1994,10,Charles Barkley,30,PHO,0,5,1010,0.005
1994,11T,Mookie Blaylock,26,ATL,0,1,1010,0.001
1994,11T,Kevin Johnson,27,PHO,0,1,1010,0.001
1994,11T,Dennis Rodman,32,SAS,0,1,1010,0.001
1994,11T,Latrell Sprewell,23,GSW,0,1,1010,0.001
1994,11T,John Stockton,31,UTA,0,1,1010,0.001
1994,11T,Dominique Wilkins,34,TOT,0,1,1010,0.001
1994,11T,Kevin Willis,31,ATL,0,1,1010,0.001
1995,1,David Robinson,29,SAS,73,901,1050,0.858
1995,2,Shaquille O'Neal,22,ORL,12,605,1050,0.576
1995,3,Karl Malone,31,UTA,14,532,1050,0.507
1995,4,Patrick Ewing,32,NYK,2,230,1050,0.219
1995,5,Hakeem Olajuwon,32,HOU,1,147,1050,0.14
1995,6,Charles Barkley,31,PHO,1,93,1050,0.089
1995,7,Scottie Pippen,29,CHI,1,83,1050,0.079
1995,8,John Stockton,32,UTA,1,47,1050,0.045
1995,9,Gary Payton,26,SEA,0,34,1050,0.032
1995,10,Anfernee Hardaway,23,ORL,0,23,1050,0.022
1995,11,Michael Jordan,31,CHI,0,12,1050,0.011
1995,12,Dennis Rodman,33,SAS,0,9,1050,0.009
1995,13,Jason Kidd,21,DAL,0,7,1050,0.007
1995,14,Clyde Drexler,32,TOT,0,3,1050,0.003
1995,15,Cedric Ceballos,25,LAL,0,1,1050,0.001
1996,1,Michael Jordan,32,CHI,109,1114,1130,0.986
1996,2,David Robinson,30,SAS,0,574,1130,0.508
1996,3,Anfernee Hardaway,24,ORL,2,360,1130,0.319
1996,4,Hakeem Olajuwon,33,HOU,1,238,1130,0.211
1996,5,Scottie Pippen,30,CHI,0,226,1130,0.2
1996,6,Gary Payton,27,SEA,0,98,1130,0.087
1996,7,Karl Malone,32,UTA,1,85,1130,0.075
1996,8,Shawn Kemp,26,SEA,0,73,1130,0.065
1996,9T,Grant Hill,23,DET,0,63,1130,0.056
1996,9T,Shaquille O'Neal,23,ORL,0,63,1130,0.056
1996,11,John Stockton,33,UTA,0,12,1130,0.011
1996,12T,Charles Barkley,32,PHO,0,8,1130,0.007
1996,12T,Magic Johnson,36,LAL,0,8,1130,0.007
1996,14,Alonzo Mourning,25,MIA,0,6,1130,0.005
1996,15,Dennis Rodman,34,CHI,0,4,1130,0.004
1996,16T,Terrell Brandon,25,CLE,0,3,1130,0.003
1996,16T,Mitch Richmond,30,SAC,0,3,1130,0.003
1997,1,Karl Malone,33,UTA,63,986,1150,0.857
1997,2,Michael Jordan,33,CHI,52,957,1150,0.832
1997,3,Grant Hill,24,DET,0,376,1150,0.327
1997,4,Tim Hardaway,30,MIA,0,238,1150,0.207
1997,5,Glen Rice,29,CHH,0,134,1150,0.117
1997,6,Gary Payton,28,SEA,0,105,1150,0.091
1997,7,Hakeem Olajuwon,34,HOU,0,95,1150,0.083
1997,8,Patrick Ewing,34,NYK,0,57,1150,0.05
1997,9T,Anthony Mason,30,CHH,0,7,1150,0.006
1997,9T,Shaquille O'Neal,24,LAL,0,7,1150,0.006
1997,11,Scottie Pippen,31,CHI,0,6,1150,0.005
1997,12,Alonzo Mourning,26,MIA,0,5,1150,0.004
1997,13T,Dikembe Mutombo,30,ATL,0,4,1150,0.003
1997,13T,Mitch Richmond,31,SAC,0,4,1150,0.003
1997,15,John Stockton,34,UTA,0,3,1150,0.003
1997,16,Charles Barkley,33,HOU,0,2,1150,0.002
1997,17T,Tom Gugliotta,27,MIN,0,1,1150,0.001
1997,17T,Allen Iverson,21,PHI,0,1,1150,0.001
1997,17T,Kevin Johnson,30,PHO,0,1,1150,0.001
1997,17T,Steve Smith,27,ATL,0,1,1150,0.001
1998,1,Michael Jordan,34,CHI,92,1084,1160,0.934
1998,2,Karl Malone,34,UTA,20,842,1160,0.726
1998,3,Gary Payton,29,SEA,3,431,1160,0.372
1998,4,Shaquille O'Neal,25,LAL,1,311,1160,0.268
1998,5,Tim Duncan,21,SAS,0,148,1160,0.128
1998,6,Tim Hardaway,31,MIA,0,71,1160,0.061
1998,7,David Robinson,32,SAS,0,36,1160,0.031
1998,8,Vin Baker,26,SEA,0,24,1160,0.021
1998,9,Grant Hill,25,DET,0,23,1160,0.02
1998,10,Scottie Pippen,32,CHI,0,14,1160,0.012
1998,11,Glen Rice,30,CHH,0,7,1160,0.006
1998,12,Antoine Walker,21,BOS,0,6,1160,0.005
1998,13T,Jason Kidd,24,PHO,0,5,1160,0.004
1998,13T,John Stockton,35,UTA,0,5,1160,0.004
1998,15,Mitch Richmond,32,SAC,0,3,1160,0.003
1998,16T,Reggie Miller,32,IND,0,2,1160,0.002
1998,16T,Rik Smits,31,IND,0,2,1160,0.002
1998,18T,Michael Finley,24,DAL,0,1,1160,0.001
1998,18T,Rod Strickland,31,WAS,0,1,1160,0.001
1999,1,Karl Malone,35,UTA,44,827,1180,0.701
1999,2,Alonzo Mourning,28,MIA,36,773,1180,0.655
1999,3,Tim Duncan,22,SAS,30,740,1180,0.627
1999,4,Allen Iverson,23,PHI,5,319,1180,0.27
1999,5,Jason Kidd,25,PHO,2,159,1180,0.135
1999,6,Shaquille O'Neal,26,LAL,1,89,1180,0.075
1999,7,Chris Webber,25,SAC,0,51,1180,0.043
1999,8,Grant Hill,26,DET,0,39,1180,0.033
1999,9,Gary Payton,30,SEA,0,35,1180,0.03
1999,10,Kevin Garnett,22,MIN,0,9,1180,0.008
1999,11,Shawn Kemp,29,CLE,0,7,1180,0.006
1999,12,David Robinson,33,SAS,0,6,1180,0.005
1999,13T,Hakeem Olajuwon,36,HOU,0,3,1180,0.003
1999,13T,Arvydas Sabonis,34,POR,0,3,1180,0.003
1999,15,Darrell Armstrong,30,ORL,0,2,1180,0.002
1999,16T,Vince Carter,22,TOR,0,1,1180,0.001
1999,16T,Anfernee Hardaway,27,ORL,0,1,1180,0.001
1999,16T,Mark Jackson,33,IND,0,1,1180,0.001
1999,16T,Glenn Robinson,26,MIL,0,1,1180,0.001
1999,16T,Steve Smith,29,ATL,0,1,1180,0.001
1999,16T,Rasheed Wallace,24,POR,0,1,1180,0.001
2000,1,Shaquille O'Neal,27,LAL,120,1207,1210,0.998
2000,2,Kevin Garnett,23,MIN,0,408,1210,0.337
2000,3,Alonzo Mourning,29,MIA,0,367,1210,0.303
2000,4,Karl Malone,36,UTA,0,312,1210,0.258
2000,5,Tim Duncan,23,SAS,0,248,1210,0.205
2000,6,Gary Payton,31,SEA,0,180,1210,0.149
2000,7,Allen Iverson,24,PHI,1,132,1210,0.109
2000,8,Grant Hill,27,DET,0,113,1210,0.093
2000,9,Chris Webber,26,SAC,0,96,1210,0.079
2000,10,Vince Carter,23,TOR,0,51,1210,0.042
2000,11,Jason Kidd,26,PHO,0,25,1210,0.021
2000,12,Kobe Bryant,21,LAL,0,3,1210,0.002
2000,13T,Darrell Armstrong,31,ORL,0,1,1210,0.001
2000,13T,Michael Finley,26,DAL,0,1,1210,0.001
2000,13T,Reggie Miller,34,IND,0,1,1210,0.001
2000,13T,Jalen Rose,27,IND,0,1,1210,0.001
2001,1,Allen Iverson,25,PHI,93,1121,1240,0.904
2001,2,Tim Duncan,24,SAS,18,706,1240,0.569
2001,3,Shaquille O'Neal,28,LAL,7,578,1240,0.466
2001,4,Chris Webber,27,SAC,5,521,1240,0.42
2001,5,Kevin Garnett,24,MIN,1,151,1240,0.122
2001,6,Tracy McGrady,21,ORL,0,64,1240,0.052
2001,7,Karl Malone,37,UTA,0,21,1240,0.017
2001,8,Jason Kidd,27,PHO,0,18,1240,0.015
2001,9,Kobe Bryant,22,LAL,0,11,1240,0.009
2001,11T,Ray Allen,25,MIL,0,7,1240,0.006
2001,11T,Vince Carter,24,TOR,0,7,1240,0.006
2001,10,David Robinson,35,SAS,0,8,1240,0.006
2001,13,Paul Pierce,23,BOS,0,5,1240,0.004
2001,14,Jerry Stackhouse,26,DET,0,3,1240,0.002
2001,15T,Michael Finley,27,DAL,0,1,1240,0.001
2001,15T,Anthony Mason,34,MIA,0,1,1240,0.001
2001,15T,John Stockton,38,UTA,0,1,1240,0.001
2002,1,Tim Duncan,25,SAS,57,954,1260,0.757
2002,2,Jason Kidd,28,NJN,45,897,1260,0.712
2002,3,Shaquille O'Neal,29,LAL,15,696,1260,0.552
2002,4,Tracy McGrady,22,ORL,7,390,1260,0.31
2002,5,Kobe Bryant,23,LAL,1,98,1260,0.078
2002,6,Gary Payton,33,SEA,1,54,1260,0.043
2002,7,Chris Webber,28,SAC,0,37,1260,0.029
2002,8,Dirk Nowitzki,23,DAL,0,31,1260,0.025
2002,9,Allen Iverson,26,PHI,0,29,1260,0.023
2002,10,Ben Wallace,27,DET,0,24,1260,0.019
2002,11,Paul Pierce,24,BOS,0,22,1260,0.017
2002,12,Kevin Garnett,25,MIN,0,17,1260,0.013
2002,13,Michael Jordan,38,WAS,0,16,1260,0.013
2002,14,Steve Nash,27,DAL,0,5,1260,0.004
2002,15,Jerry Stackhouse,27,DET,0,3,1260,0.002
2002,16T,Mike Bibby,23,SAC,0,1,1260,0.001
2002,16T,Elton Brand,22,LAC,0,1,1260,0.001
2002,16T,Peja Stojakovic,24,SAC,0,1,1260,0.001
2003,1,Tim Duncan,26,SAS,60,962,1190,0.808
2003,2,Kevin Garnett,26,MIN,43,871,1190,0.732
2003,3,Kobe Bryant,24,LAL,8,496,1190,0.417
2003,4,Tracy McGrady,23,ORL,4,427,1190,0.359
2003,5,Shaquille O'Neal,30,LAL,3,126,1190,0.106
2003,6,Allen Iverson,27,PHI,0,83,1190,0.07
2003,7,Dirk Nowitzki,24,DAL,0,43,1190,0.036
2003,8,Ben Wallace,28,DET,1,33,1190,0.028
2003,9,Jason Kidd,29,NJN,0,31,1190,0.026
2003,10,Chris Webber,29,SAC,0,19,1190,0.016
2003,11T,Jamal Mashburn,30,NOH,0,1,1190,0.001
2003,11T,Steve Nash,28,DAL,0,1,1190,0.001
2003,11T,Paul Pierce,25,BOS,0,1,1190,0.001
2004,1,Kevin Garnett,27,MIN,120,1219,1230,0.991
2004,2,Tim Duncan,27,SAS,0,716,1230,0.582
2004,3,Jermaine O'Neal,25,IND,2,523,1230,0.425
2004,4,Peja Stojakovic,26,SAC,1,281,1230,0.228
2004,5,Kobe Bryant,25,LAL,0,212,1230,0.172
2004,6,Shaquille O'Neal,31,LAL,0,178,1230,0.145
2004,7,Ben Wallace,29,DET,0,24,1230,0.02
2004,8,Jason Kidd,30,NJN,0,17,1230,0.014
2004,9,LeBron James,19,CLE,0,11,1230,0.009
2004,10T,Sam Cassell,34,MIN,0,4,1230,0.003
2004,10T,Baron Davis,24,NOH,0,4,1230,0.003
2004,10T,Dirk Nowitzki,25,DAL,0,4,1230,0.003
2004,13,Andrei Kirilenko,22,UTA,0,2,1230,0.002
2004,14T,Carmelo Anthony,19,DEN,0,1,1230,0.001
2004,14T,Yao Ming,23,HOU,0,1,1230,0.001
2004,14T,Michael Redd,24,MIL,0,1,1230,0.001
2005,1,Steve Nash,30,PHO,65,1066,1270,0.839
2005,2,Shaquille O'Neal,32,MIA,58,1032,1270,0.813
2005,3,Dirk Nowitzki,26,DAL,0,349,1270,0.275
2005,4,Tim Duncan,28,SAS,1,328,1270,0.258
2005,5,Allen Iverson,29,PHI,2,240,1270,0.189
2005,6,LeBron James,20,CLE,0,93,1270,0.073
2005,7,Tracy McGrady,25,HOU,0,44,1270,0.035
2005,8,Dwyane Wade,23,MIA,0,43,1270,0.034
2005,9T,Amar'e Stoudemire,22,PHO,1,41,1270,0.032
2005,9T,Ray Allen,29,SEA,0,41,1270,0.032
2005,11,Kevin Garnett,28,MIN,0,15,1270,0.012
2005,12,Gilbert Arenas,23,WAS,0,4,1270,0.003
2005,13,Vince Carter,28,TOT,0,3,1270,0.002
2005,14T,P.J. Brown,35,NOH,0,1,1270,0.001
2005,14T,Marcus Camby,30,DEN,0,1,1270,0.001
2005,14T,Shawn Marion,26,PHO,0,1,1270,0.001
2006,1,Steve Nash,31,PHO,57,924,1250,0.739
2006,2,LeBron James,21,CLE,16,688,1250,0.55
2006,3,Dirk Nowitzki,27,DAL,14,544,1250,0.435
2006,4,Kobe Bryant,27,LAL,22,483,1250,0.386
2006,5,Chauncey Billups,29,DET,15,430,1250,0.344
2006,6,Dwyane Wade,24,MIA,0,87,1250,0.07
2006,7,Elton Brand,26,LAC,1,50,1250,0.04
2006,8,Tim Duncan,29,SAS,0,33,1250,0.026
2006,9,Tony Parker,23,SAS,0,9,1250,0.007
2006,10T,Allen Iverson,30,PHI,0,1,1250,0.001
2006,10T,Shawn Marion,27,PHO,0,1,1250,0.001
2007,1,Dirk Nowitzki,28,DAL,83,1138,1290,0.882
2007,2,Steve Nash,32,PHO,44,1013,1290,0.785
2007,3,Kobe Bryant,28,LAL,2,521,1290,0.404
2007,4,Tim Duncan,30,SAS,0,286,1290,0.222
2007,5,LeBron James,22,CLE,0,183,1290,0.142
2007,6,Tracy McGrady,27,HOU,0,110,1290,0.085
2007,7,Chris Bosh,22,TOR,0,43,1290,0.033
2007,8,Gilbert Arenas,25,WAS,0,31,1290,0.024
2007,9T,Carlos Boozer,25,UTA,0,7,1290,0.005
2007,9T,Kevin Garnett,30,MIN,0,7,1290,0.005
2007,11,Chauncey Billups,30,DET,0,4,1290,0.003
2007,12T,Shaquille O'Neal,34,MIA,0,3,1290,0.002
2007,14,Amar'e Stoudemire,24,PHO,0,2,1290,0.002
2007,12T,Dwyane Wade,25,MIA,0,3,1290,0.002
2007,15T,Carmelo Anthony,22,DEN,0,1,1290,0.001
2007,15T,Baron Davis,27,GSW,0,1,1290,0.001
2007,15T,Tony Parker,24,SAS,0,1,1290,0.001
2008,1,Kobe Bryant,29,LAL,82,1105,1260,0.877
2008,2,Chris Paul,22,NOH,28,889,1260,0.706
2008,3,Kevin Garnett,31,BOS,15,670,1260,0.532
2008,4,LeBron James,23,CLE,1,438,1260,0.348
2008,5,Dwight Howard,22,ORL,0,60,1260,0.048
2008,6,Amar'e Stoudemire,25,PHO,0,27,1260,0.021
2008,7,Tim Duncan,31,SAS,0,25,1260,0.02
2008,8,Tracy McGrady,28,HOU,0,19,1260,0.015
2008,9,Steve Nash,33,PHO,0,18,1260,0.014
2008,10,Manu Ginobili,30,SAS,0,9,1260,0.007
2008,11,Dirk Nowitzki,29,DAL,0,5,1260,0.004
2008,12,Deron Williams,23,UTA,0,4,1260,0.003
2008,13,Carmelo Anthony,23,DEN,0,3,1260,0.002
2008,14T,Carlos Boozer,26,UTA,0,1,1260,0.001
2008,14T,Antawn Jamison,31,WAS,0,1,1260,0.001
2008,14T,Paul Pierce,30,BOS,0,1,1260,0.001
2008,14T,Rasheed Wallace,33,DET,0,1,1260,0.001
2009,1,LeBron James,24,CLE,109,1172,1210,0.969
2009,2,Kobe Bryant,30,LAL,2,698,1210,0.577
2009,3,Dwyane Wade,27,MIA,7,680,1210,0.562
2009,4,Dwight Howard,23,ORL,1,328,1210,0.271
2009,5,Chris Paul,23,NOH,2,192,1210,0.159
2009,6,Chauncey Billups,32,TOT,0,33,1210,0.027
2009,7,Paul Pierce,31,BOS,0,21,1210,0.017
2009,8,Tony Parker,26,SAS,0,9,1210,0.007
2009,9,Brandon Roy,24,POR,0,7,1210,0.006
2009,11,Tim Duncan,32,SAS,0,2,1210,0.002
2009,10,Dirk Nowitzki,30,DAL,0,3,1210,0.002
2009,12,Yao Ming,28,HOU,0,1,1210,0.001
2010,1,LeBron James,25,CLE,116,1205,1230,0.98
2010,2,Kevin Durant,21,OKC,4,609,1230,0.495
2010,3,Kobe Bryant,31,LAL,0,599,1230,0.487
2010,4,Dwight Howard,24,ORL,3,478,1230,0.389
2010,5,Dwyane Wade,28,MIA,0,119,1230,0.097
2010,6,Carmelo Anthony,25,DEN,0,65,1230,0.053
2010,7,Dirk Nowitzki,31,DAL,0,55,1230,0.045
2010,8,Steve Nash,35,PHO,0,49,1230,0.04
2010,9,Deron Williams,25,UTA,0,7,1230,0.006
2010,10,Amar'e Stoudemire,27,PHO,0,5,1230,0.004
2010,11,Manu Ginobili,32,SAS,0,3,1230,0.002
2010,12T,Chauncey Billups,33,DEN,0,1,1230,0.001
2010,12T,Chris Bosh,25,TOR,0,1,1230,0.001
2010,12T,Stephen Jackson,31,TOT,0,1,1230,0.001
2010,12T,Joe Johnson,28,ATL,0,1,1230,0.001
2011,1,Derrick Rose,22,CHI,113,1182,1210,0.977
2011,2,Dwight Howard,25,ORL,3,643,1210,0.531
2011,3,LeBron James,26,MIA,4,522,1210,0.431
2011,4,Kobe Bryant,32,LAL,1,428,1210,0.354
2011,5,Kevin Durant,22,OKC,0,190,1210,0.157
2011,6,Dirk Nowitzki,32,DAL,0,113,1210,0.093
2011,7,Dwyane Wade,29,MIA,0,24,1210,0.02
2011,8,Manu Ginobili,33,SAS,0,20,1210,0.017
2011,9,Amar'e Stoudemire,28,NYK,0,9,1210,0.007
2011,10T,Blake Griffin,21,LAC,0,5,1210,0.004
2011,10T,Rajon Rondo,24,BOS,0,5,1210,0.004
2011,12,Tony Parker,28,SAS,0,3,1210,0.002
2011,13,Chris Paul,25,NOH,0,2,1210,0.002
2012,1,LeBron James,27,MIA,85,1074,1210,0.888
2012,2,Kevin Durant,23,OKC,24,889,1210,0.735
2012,3,Chris Paul,26,LAC,6,385,1210,0.318
2012,4,Kobe Bryant,33,LAL,2,352,1210,0.291
2012,5,Tony Parker,29,SAS,4,331,1210,0.274
2012,6,Kevin Love,23,MIN,0,58,1210,0.048
2012,7,Dwight Howard,26,ORL,0,13,1210,0.011
2012,8,Rajon Rondo,25,BOS,0,12,1210,0.01
2012,9,Steve Nash,37,PHO,0,7,1210,0.006
2012,10,Dwyane Wade,30,MIA,0,6,1210,0.005
2012,11,Derrick Rose,23,CHI,0,5,1210,0.004
2012,12T,Dirk Nowitzki,33,DAL,0,4,1210,0.003
2012,12T,Russell Westbrook,23,OKC,0,4,1210,0.003
2012,14,Tim Duncan,35,SAS,0,3,1210,0.002
2012,15,Joe Johnson,30,ATL,0,1,1210,0.001
2013,1,LeBron James,28,MIA,120,1207,1210,0.998
2013,2,Kevin Durant,24,OKC,0,765,1210,0.632
2013,3,Carmelo Anthony,28,NYK,1,475,1210,0.393
2013,4,Chris Paul,27,LAC,0,289,1210,0.239
2013,5,Kobe Bryant,34,LAL,0,184,1210,0.152
2013,6,Tony Parker,30,SAS,0,86,1210,0.071
2013,7,Tim Duncan,36,SAS,0,65,1210,0.054
2013,8,James Harden,23,HOU,0,33,1210,0.027
2013,9,Russell Westbrook,24,OKC,0,9,1210,0.007
2013,10,Dwyane Wade,31,MIA,0,5,1210,0.004
2013,11,Stephen Curry,24,GSW,0,3,1210,0.002
2013,12T,Kevin Garnett,36,BOS,0,1,1210,0.001
2013,12T,Marc Gasol,28,MEM,0,1,1210,0.001
2013,12T,Ty Lawson,25,DEN,0,1,1210,0.001
2013,12T,David Lee,29,GSW,0,1,1210,0.001
2013,12T,Joakim Noah,27,CHI,0,1,1210,0.001
2014,1,Kevin Durant,25,OKC,119,1232,1250,0.986
2014,2,LeBron James,29,MIA,6,891,1250,0.713
2014,3,Blake Griffin,24,LAC,0,434,1250,0.347
2014,4,Joakim Noah,28,CHI,0,322,1250,0.258
2014,5,James Harden,24,HOU,0,85,1250,0.068
2014,6,Stephen Curry,25,GSW,0,66,1250,0.053
2014,7,Chris Paul,28,LAC,0,45,1250,0.036
2014,8,Al Jefferson,29,CHA,0,34,1250,0.027
2014,9,Paul George,23,IND,0,33,1250,0.026
2014,10,LaMarcus Aldridge,28,POR,0,26,1250,0.021
2014,11,Kevin Love,25,MIN,0,25,1250,0.02
2014,12T,Tim Duncan,37,SAS,0,21,1250,0.017
2014,12T,Tony Parker,31,SAS,0,21,1250,0.017
2014,14,Dirk Nowitzki,35,DAL,0,7,1250,0.006
2014,15,Carmelo Anthony,29,NYK,0,4,1250,0.003
2014,16,Goran Dragic,27,PHO,0,3,1250,0.002
2014,17,Mike Conley,26,MEM,0,1,1250,0.001
2015,1,Stephen Curry,26,GSW,100,1198,1300,0.922
2015,2,James Harden,25,HOU,25,936,1300,0.72
2015,3,LeBron James,30,CLE,5,552,1300,0.425
2015,4,Russell Westbrook,26,OKC,0,352,1300,0.271
2015,5,Anthony Davis,21,NOP,0,203,1300,0.156
2015,6,Chris Paul,29,LAC,0,124,1300,0.095
2015,7,LaMarcus Aldridge,29,POR,0,6,1300,0.005
2015,9T,Marc Gasol,30,MEM,0,3,1300,0.002
2015,9T,Blake Griffin,25,LAC,0,3,1300,0.002
2015,12T,Tim Duncan,38,SAS,0,1,1300,0.001
2015,12T,Kawhi Leonard,23,SAS,0,1,1300,0.001
2015,12T,Klay Thompson,24,GSW,0,1,1300,0.001
2016,1,Stephen Curry,27,GSW,131,1310,1310,1
2016,2,Kawhi Leonard,24,SAS,0,634,1310,0.484
2016,3,LeBron James,31,CLE,0,631,1310,0.482
2016,4,Russell Westbrook,27,OKC,0,486,1310,0.371
2016,5,Kevin Durant,27,OKC,0,147,1310,0.112
2016,6,Chris Paul,30,LAC,0,107,1310,0.082
2016,7,Draymond Green,25,GSW,0,50,1310,0.038
2016,8,Damian Lillard,25,POR,0,26,1310,0.02
2016,9,James Harden,26,HOU,0,9,1310,0.007
2016,10,Kyle Lowry,29,TOR,0,6,1310,0.005
