YR,Rank,Player,Age,Tm,First,Pts Won,Pts Max,Share
1985,1,Kevin McHale,27,BOS,57,57,78,0.731
1985,2T,Clyde Drexler,22,POR,5,5,78,0.064
1985,2T,Dan Issel,36,DEN,5,5,78,0.064
1985,4,Michael Cooper,28,LAL,4,4,78,0.051
1985,5,Jay Vincent,25,DAL,2,2,78,0.026
1985,6T,Quintin Dailey,24,CHI,1,1,78,0.013
1985,6T,Bobby Jones,33,PHI,1,1,78,0.013
1985,6T,Bob McAdoo,33,LAL,1,1,78,0.013
1985,6T,Terry Tyler,28,DET,1,1,78,0.013
1985,6T,Mike Woodson,26,KCK,1,1,78,0.013
1986,1,Bill Walton,33,BOS,32,32,78,0.41
1986,2,Ricky Pierce,26,MIL,11,11,78,0.141
1986,3,Eddie Johnson,26,SAC,10,10,78,0.128
1986,4,Michael Cooper,29,LAL,9,9,78,0.115
1986,5,Thurl Bailey,24,UTA,5,5,78,0.064
1987,1,Ricky Pierce,27,MIL,41,41,78,0.526
1987,2,Vinnie Johnson,30,DET,19,19,78,0.244
1987,3,Michael Cooper,30,LAL,7,7,78,0.09
1988,1,Roy Tarpley,23,DAL,67,67,80,0.838
1988,2,Thurl Bailey,26,UTA,13,13,80,0.162
1989,1,Eddie Johnson,29,PHO,33,33,85,0.388
1989,2,Thurl Bailey,27,UTA,26,26,85,0.306
1989,3,Dennis Rodman,27,DET,17,17,85,0.2
1989,4,John Williams,22,WSB,4,4,85,0.047
1989,5,Xavier McDaniel,25,SEA,2,2,85,0.024
1989,6T,Ron Anderson,30,PHI,1,1,85,0.012
1989,6T,Ricky Pierce,29,MIL,1,1,85,0.012
1989,6T,Hot Rod Williams,26,CLE,1,1,85,0.012
1990,1,Ricky Pierce,30,MIL,77,77,92,0.837
1990,2,Detlef Schrempf,27,IND,8,8,92,0.087
1990,3T,Eddie Johnson,30,PHO,2,2,92,0.022
1990,3T,John Williams,23,WSB,2,2,92,0.022
1990,3T,Orlando Woolridge,30,LAL,2,2,92,0.022
1990,6,Antoine Carr,28,TOT,1,1,92,0.011
1991,1,Detlef Schrempf,28,IND,38,38,96,0.396
1991,2,Dan Majerle,25,PHO,37,37,96,0.385
1991,3,Kevin McHale,33,BOS,8,8,96,0.083
1991,4,Ricky Pierce,31,TOT,6,6,96,0.062
1991,5,Danny Ainge,31,POR,3,3,96,0.031
1991,6T,Thurl Bailey,29,UTA,1,1,96,0.01
1991,6T,Moses Malone,35,ATL,1,1,96,0.01
1991,6T,Jerry Reynolds,28,ORL,1,1,96,0.01
1991,6T,Larry Smith,33,HOU,1,1,96,0.01
1992,1,Detlef Schrempf,29,IND,54,54,96,0.562
1992,2,Sarunas Marciulionis,27,GSW,21,21,96,0.219
1992,3,Dan Majerle,26,PHO,19,19,96,0.198
1992,4T,Tyrone Corbin,29,TOT,1,1,96,0.01
1992,4T,John Starks,26,NYK,1,1,96,0.01
1993,1,Clifford Robinson,26,POR,89,89,98,0.908
1993,2T,Danny Ainge,33,PHO,3,3,98,0.031
1993,2T,Anthony Mason,26,NYK,3,3,98,0.031
1993,4,Dell Curry,28,CHH,2,2,98,0.02
1993,5,Tom Chambers,33,PHO,1,1,98,0.01
1994,1,Dell Curry,29,CHH,46,46,101,0.455
1994,2,Nate McMillan,29,SEA,37,37,101,0.366
1994,3,Craig Ehlo,32,ATL,7,7,101,0.069
1994,4,Ricky Pierce,34,SEA,3,3,101,0.03
1994,5,Armen Gilliam,29,NJN,2,2,101,0.02
1994,6T,Mario Elie,30,HOU,1,1,101,0.01
1994,6T,Steve Kerr,28,CHI,1,1,101,0.01
1994,6T,Anthony Mason,27,NYK,1,1,101,0.01
1994,6T,Johnny Newman,30,TOT,1,1,101,0.01
1994,6T,Dennis Rodman,32,SAS,1,1,101,0.01
1994,6T,Orlando Woolridge,34,PHI,1,1,101,0.01
1995,1,Anthony Mason,28,NYK,47,47,105,0.448
1995,2,Dell Curry,30,CHH,18,18,105,0.171
1995,3,Chuck Person,30,SAS,12,12,105,0.114
1995,4,Nate McMillan,30,SEA,9,9,105,0.086
1995,5,Dennis Scott,26,ORL,7,7,105,0.067
1995,6,Byron Scott,33,IND,6,6,105,0.057
1995,7,Antoine Carr,33,UTA,3,3,105,0.029
1995,8,Chris Gatling,27,GSW,2,2,105,0.019
1995,9,Armen Gilliam,30,NJN,1,1,105,0.01
1996,1,Toni Kukoc,27,CHI,45,45,113,0.398
1996,2,Arvydas Sabonis,31,POR,24,24,113,0.212
1996,3,Jayson Williams,27,NJN,14,14,113,0.124
1996,4,Sam Cassell,26,HOU,11,11,113,0.097
1996,5,Magic Johnson,36,LAL,9,9,113,0.08
1996,6,Chuck Person,31,SAS,5,5,113,0.044
1996,7T,Dell Curry,31,CHH,2,2,113,0.018
1996,7T,Chris Gatling,28,TOT,2,2,113,0.018
1996,9,Steve Kerr,30,CHI,1,1,113,0.009
1997,1,John Starks,31,NYK,84,84,115,0.73
1997,2,Toni Kukoc,28,CHI,7,7,115,0.061
1997,3,Chris Gatling,29,TOT,6,6,115,0.052
1997,4,Terry Mills,29,DET,5,5,115,0.043
1997,5T,Dell Curry,32,CHH,4,4,115,0.035
1997,5T,Sam Perkins,35,SEA,4,4,115,0.035
1997,7T,Isaac Austin,27,MIA,1,1,115,0.009
1997,7T,Mark Davis,23,PHI,1,1,115,0.009
1997,7T,Danny Manning,30,PHO,1,1,115,0.009
1997,7T,Bo Outlaw,25,LAC,1,1,115,0.009
1997,7T,Dominique Wilkins,37,SAS,1,1,115,0.009
1998,1,Danny Manning,31,PHO,57,57,116,0.491
1998,2,Kobe Bryant,19,LAL,31,31,116,0.267
1998,3,Dale Ellis,37,SEA,21,21,116,0.181
1998,4,John Starks,32,NYK,3,3,116,0.026
1998,5,Jerry Stackhouse,23,TOT,2,2,116,0.017
1998,6T,Michael Curry,29,MIL,1,1,116,0.009
1998,6T,Tracy Murray,26,WAS,1,1,116,0.009
1999,1,Darrell Armstrong,30,ORL,85,85,118,0.72
1999,2,Rasheed Wallace,24,POR,16,16,118,0.136
1999,3T,Antonio Davis,30,IND,5,5,118,0.042
1999,3T,Jalen Rose,26,IND,5,5,118,0.042
1999,5T,Dee Brown,30,TOR,2,2,118,0.017
1999,5T,Dell Curry,34,MIL,2,2,118,0.017
1999,5T,Terry Porter,35,MIA,2,2,118,0.017
1999,8,Howard Eisley,26,UTA,1,1,118,0.008
2000,1,Rodney Rogers,28,PHO,104,104,121,0.86
2000,2,Cuttino Mobley,24,HOU,7,7,121,0.058
2000,3T,Cedric Ceballos,30,DAL,3,3,121,0.025
2000,3T,Tracy McGrady,20,TOR,3,3,121,0.025
2000,5,Jerome Williams,26,DET,2,2,121,0.017
2000,6T,Marcus Camby,25,NYK,1,1,121,0.008
2000,6T,Peja Stojakovic,22,SAC,1,1,121,0.008
2001,1,Aaron McKie,28,PHI,57,57,124,0.46
2001,2,Tim Thomas,23,MIL,27,27,124,0.218
2001,3,LaPhonso Ellis,30,MIN,10,10,124,0.081
2001,4,Bobby Jackson,27,SAC,9,9,124,0.073
2001,5,Travis Best,28,IND,5,5,124,0.04
2001,6T,Ruben Patterson,25,SEA,4,4,124,0.032
2001,6T,Rodney Rogers,29,PHO,4,4,124,0.032
2001,6T,Steve Smith,31,POR,4,4,124,0.032
2001,9,Donyell Marshall,27,UTA,2,2,124,0.016
2001,10T,Austin Croshere,25,IND,1,1,124,0.008
2001,10T,Tony Delk,27,PHO,1,1,124,0.008
2002,1,Corliss Williamson,28,DET,56,56,125,0.448
2002,2,Bobby Jackson,28,SAC,30,30,125,0.24
2002,3,Quentin Richardson,21,LAC,20,20,125,0.16
2002,4,Malik Rose,27,SAS,8,8,125,0.064
2002,5T,Troy Hudson,25,ORL,3,3,125,0.024
2002,5T,Desmond Mason,24,SEA,3,3,125,0.024
2002,7,Hedo Turkoglu,22,SAC,2,2,125,0.016
2002,8T,Ricky Davis,22,CLE,1,1,125,0.008
2002,8T,Robert Horry,31,LAL,1,1,125,0.008
2002,8T,Jacque Vaughn,26,ATL,1,1,125,0.008
2003,1,Bobby Jackson,29,SAC,52,362,590,0.614
2003,2,Michael Redd,23,MIL,33,257,590,0.436
2003,3,Andrei Kirilenko,21,UTA,10,127,590,0.215
2003,4,Nick Van Exel,31,DAL,8,115,590,0.195
2003,5,Corliss Williamson,29,DET,5,87,590,0.147
2003,6,Malik Rose,28,SAS,6,57,590,0.097
2003,7,Earl Boykins,26,GSW,4,42,590,0.071
2003,8,Al Harrington,22,IND,0,7,590,0.012
2003,9,Jon Barry,33,DET,0,4,590,0.007
2003,10,Toni Kukoc,34,MIL,0,3,590,0.005
2003,11T,Keon Clark,27,SAC,0,1,590,0.002
2003,11T,Lucious Harris,32,NJN,0,1,590,0.002
2003,11T,Joe Johnson,21,PHO,0,1,590,0.002
2004,1,Antawn Jamison,27,DAL,43,338,600,0.563
2004,2,Al Harrington,23,IND,27,275,600,0.458
2004,3,Manu Ginobili,26,SAS,33,244,600,0.407
2004,4,Bobby Jackson,30,SAC,5,70,600,0.117
2004,5,Earl Boykins,27,DEN,3,46,600,0.077
2004,6,Desmond Mason,26,MIL,4,45,600,0.075
2004,7,Rafer Alston,27,MIA,1,14,600,0.023
2004,8,Shane Battier,25,MEM,2,10,600,0.017
2004,9,Raja Bell,27,UTA,1,9,600,0.015
2004,10T,Maurice Taylor,27,HOU,1,8,600,0.013
2004,10T,Corliss Williamson,30,DET,0,8,600,0.013
2004,12,Bonzi Wells,27,TOT,0,5,600,0.008
2004,13,Darrell Armstrong,35,NOH,0,4,600,0.007
2004,14,Ricky Davis,24,TOT,0,2,600,0.003
2004,15T,Fred Hoiberg,31,MIN,0,1,600,0.002
2004,15T,Vladimir Radmanovic,23,SEA,0,1,600,0.002
2005,1,Ben Gordon,21,CHI,88,513,625,0.821
2005,2,Ricky Davis,25,BOS,17,257,625,0.411
2005,3,Earl Boykins,28,DEN,11,155,625,0.248
2005,4,Jerry Stackhouse,30,DAL,6,95,625,0.152
2005,5,Vladimir Radmanovic,24,SEA,2,41,625,0.066
2005,6,Wally Szczerbiak,27,MIN,1,22,625,0.035
2005,7,Antonio McDyess,30,DET,0,11,625,0.018
2005,8,Antonio Daniels,29,SEA,0,10,625,0.016
2005,9,Donyell Marshall,31,TOR,0,7,625,0.011
2005,10,Jim Jackson,34,TOT,0,4,625,0.006
2005,11T,Tyson Chandler,22,CHI,0,3,625,0.005
2005,11T,Kyle Korver,23,PHI,0,3,625,0.005
2005,11T,Mehmet Okur,25,UTA,0,3,625,0.005
2005,14,Hedo Turkoglu,25,ORL,0,1,625,0.002
2006,1,Mike Miller,25,MEM,88,501,615,0.815
2006,2,Speedy Claxton,27,NOK,14,205,615,0.333
2006,3,Jerry Stackhouse,31,DAL,12,162,615,0.263
2006,4,Antonio McDyess,31,DET,5,77,615,0.125
2006,5,Earl Boykins,29,DEN,0,34,615,0.055
2006,6,Alonzo Mourning,35,MIA,1,27,615,0.044
2006,7,Leandro Barbosa,23,PHO,1,24,615,0.039
2006,8,Mo Williams,23,MIL,1,19,615,0.031
2006,9,Michael Finley,32,SAS,0,10,615,0.016
2006,10,Shareef Abdur-Rahim,29,SAC,1,8,615,0.013
2006,11T,Channing Frye,22,NYK,0,6,615,0.01
2006,11T,Antoine Walker,29,MIA,0,6,615,0.01
2006,13,Eddie House,27,PHO,0,5,615,0.008
2006,14T,Jamal Crawford,25,NYK,0,4,615,0.007
2006,14T,Clifford Robinson,39,NJN,0,4,615,0.007
2006,16T,Derek Fisher,31,GSW,0,3,615,0.005
2006,16T,Danny Granger,22,IND,0,3,615,0.005
2006,16T,Matt Harpring,29,UTA,0,3,615,0.005
2006,16T,Bobby Jackson,32,MEM,0,3,615,0.005
2006,20T,Erick Dampier,30,DAL,0,1,615,0.002
2006,20T,Devin Harris,22,DAL,0,1,615,0.002
2006,20T,Charlie Villanueva,21,TOR,0,1,615,0.002
2007,1,Leandro Barbosa,24,PHO,101,578,635,0.91
2007,2,Manu Ginobili,29,SAS,18,269,635,0.424
2007,3,Jerry Stackhouse,32,DAL,7,210,635,0.331
2007,4,David Lee,23,NYK,0,22,635,0.035
2007,5,Kyle Korver,25,PHI,1,19,635,0.03
2007,6,Antonio McDyess,32,DET,0,17,635,0.027
2007,7,Corey Maggette,27,LAC,0,6,635,0.009
2007,8T,Chucky Atkins,32,MEM,0,4,635,0.006
2007,8T,Matt Harpring,30,UTA,0,4,635,0.006
2007,8T,Luther Head,24,HOU,0,4,635,0.006
2007,11T,Jose Calderon,25,TOR,0,3,635,0.005
2007,11T,Josh Childress,23,ATL,0,3,635,0.005
2007,11T,Chris Duhon,24,CHI,0,3,635,0.005
2007,14,J.R. Smith,21,DEN,0,1,635,0.002
2008,1,Manu Ginobili,30,SAS,123,615,620,0.992
2008,2,Leandro Barbosa,25,PHO,1,283,620,0.456
2008,3,Jason Terry,30,DAL,0,44,620,0.071
2008,4,Kyle Korver,26,TOT,0,34,620,0.055
2008,5,Ben Gordon,24,CHI,0,27,620,0.044
2008,6,Josh Childress,24,ATL,0,23,620,0.037
2008,7,J.R. Smith,22,DEN,0,22,620,0.035
2008,8,James Posey,31,BOS,0,19,620,0.031
2008,9T,Jason Maxiell,24,DET,0,11,620,0.018
2008,9T,Travis Outlaw,23,POR,0,11,620,0.018
2008,11T,Jordan Farmar,21,LAL,0,5,620,0.008
2008,11T,Linas Kleiza,23,DEN,0,5,620,0.008
2008,13,Jerry Stackhouse,33,DAL,0,4,620,0.006
2008,14T,Jarrett Jack,24,POR,0,3,620,0.005
2008,14T,David Lee,24,NYK,0,3,620,0.005
2008,14T,Rashad McCants,23,MIN,0,3,620,0.005
2008,14T,Lou Williams,21,PHI,0,3,620,0.005
2008,18,Andres Nocioni,28,CHI,0,1,620,0.002
2009,1,Jason Terry,31,DAL,111,576,605,0.952
2009,2,J.R. Smith,23,DEN,3,155,605,0.256
2009,3,Nate Robinson,24,NYK,2,113,605,0.187
2009,4,Lamar Odom,29,LAL,2,78,605,0.129
2009,5,Travis Outlaw,24,POR,1,75,605,0.124
2009,6,Manu Ginobili,31,SAS,1,17,605,0.028
2009,7,Ronald Murray,29,ATL,1,16,605,0.026
2009,8,Chris Andersen,30,DEN,0,13,605,0.021
2009,9,Andrei Kirilenko,27,UTA,0,7,605,0.012
2009,10T,Leandro Barbosa,26,PHO,0,6,605,0.01
2009,10T,Corey Maggette,29,GSW,0,6,605,0.01
2009,10T,Lou Williams,22,PHI,0,6,605,0.01
2009,13,Eddie House,30,BOS,0,5,605,0.008
2009,14,Kirk Hinrich,28,CHI,0,4,605,0.007
2009,15,Jason Kapono,27,TOR,0,3,605,0.005
2009,16,James Posey,32,NOH,0,2,605,0.003
2009,17T,Trevor Ariza,23,LAL,0,1,605,0.002
2009,17T,Michael Beasley,20,MIA,0,1,605,0.002
2009,17T,Paul Millsap,23,UTA,0,1,605,0.002
2009,17T,Hakim Warrick,26,MEM,0,1,605,0.002
2010,1,Jamal Crawford,29,ATL,110,580,610,0.951
2010,2,Jason Terry,32,DAL,6,220,610,0.361
2010,3,Anderson Varejao,27,CLE,2,126,610,0.207
2010,4,Manu Ginobili,32,SAS,2,75,610,0.123
2010,5,J.R. Smith,24,DEN,0,33,610,0.054
2010,6,Lamar Odom,30,LAL,1,25,610,0.041
2010,7,Paul Millsap,24,UTA,1,15,610,0.025
2010,8,Carl Landry,26,TOT,0,12,610,0.02
2010,9,Udonis Haslem,29,MIA,0,5,610,0.008
2010,10,Marcus Thornton,22,NOH,0,3,610,0.005
2010,11T,Jared Dudley,24,PHO,0,1,610,0.002
2010,11T,Al Harrington,29,NYK,0,1,610,0.002
2010,11T,Kevin Love,21,MIN,0,1,610,0.002
2010,11T,Kyle Lowry,23,HOU,0,1,610,0.002
2011,1,Lamar Odom,31,LAL,96,513,585,0.877
2011,2,Jason Terry,33,DAL,13,244,585,0.417
2011,3,Thaddeus Young,22,PHI,2,76,585,0.13
2011,4,Glen Davis,25,BOS,0,75,585,0.128
2011,5,Jamal Crawford,30,ATL,5,51,585,0.087
2011,6,Lou Williams,24,PHI,1,26,585,0.044
2011,7,James Harden,21,OKC,0,19,585,0.032
2011,8,George Hill,24,SAS,0,18,585,0.031
2011,9,Marcin Gortat,26,TOT,0,11,585,0.019
2011,10,J.R. Smith,25,DEN,0,7,585,0.012
2011,11T,Tony Allen,29,MEM,0,3,585,0.005
2011,11T,Ty Lawson,23,DEN,0,3,585,0.005
2011,11T,O.J. Mayo,23,MEM,0,3,585,0.005
2011,14,Toney Douglas,24,NYK,0,2,585,0.003
2011,15T,Matt Bonner,30,SAS,0,1,585,0.002
2011,15T,J.J. Redick,26,ORL,0,1,585,0.002
2012,1,James Harden,22,OKC,115,584,595,0.982
2012,2,Lou Williams,25,PHI,3,231,595,0.388
2012,3,Jason Terry,34,DAL,0,81,595,0.136
2012,4,Al Harrington,31,DEN,0,42,595,0.071
2012,5T,Taj Gibson,26,CHI,1,28,595,0.047
2012,5T,Manu Ginobili,34,SAS,0,28,595,0.047
2012,7,O.J. Mayo,24,MEM,0,18,595,0.03
2012,8,Mo Williams,29,LAC,0,14,595,0.024
2012,9,Thaddeus Young,23,PHI,0,10,595,0.017
2012,10,Kyle Korver,30,CHI,0,4,595,0.007
2012,11T,Jamal Crawford,31,POR,0,3,595,0.005
2012,11T,Carl Landry,28,NOH,0,3,595,0.005
2012,11T,Zach Randolph,30,MEM,0,3,595,0.005
2012,11T,C.J. Watson,27,CHI,0,3,595,0.005
2012,15T,Mike Dunleavy,31,MIL,0,2,595,0.003
2012,15T,Tyler Hansbrough,26,IND,0,2,595,0.003
2012,15T,Gary Neal,27,SAS,0,2,595,0.003
2012,18T,George Hill,25,IND,0,1,595,0.002
2012,18T,Andre Miller,35,DEN,0,1,595,0.002
2012,18T,J.R. Smith,26,NYK,0,1,595,0.002
2013,1,J.R. Smith,27,NYK,72,484,605,0.8
2013,2,Jamal Crawford,32,LAC,31,352,605,0.582
2013,3,Jarrett Jack,29,GSW,14,170,605,0.281
2013,4,Kevin Martin,29,OKC,2,31,605,0.051
2013,5,Ryan Anderson,24,NOH,1,11,605,0.018
2013,6,Andre Miller,36,DEN,0,7,605,0.012
2013,7,Jordan Crawford,24,TOT,1,5,605,0.008
2013,8T,Corey Brewer,26,DEN,0,4,605,0.007
2013,8T,Manu Ginobili,35,SAS,0,4,605,0.007
2013,8T,Carl Landry,29,GSW,0,4,605,0.007
2013,8T,Nate Robinson,28,CHI,0,4,605,0.007
2013,12T,Shane Battier,34,MIA,0,2,605,0.003
2013,12T,Ramon Sessions,26,CHA,0,2,605,0.003
2013,14T,Luke Babbitt,23,POR,0,1,605,0.002
2013,14T,Vince Carter,36,DAL,0,1,605,0.002
2013,14T,Gordon Hayward,22,UTA,0,1,605,0.002
2013,14T,J.J. Redick,28,TOT,0,1,605,0.002
2014,1,Jamal Crawford,33,LAC,57,421,625,0.674
2014,2,Taj Gibson,28,CHI,49,395,625,0.632
2014,3,Manu Ginobili,36,SAS,9,138,625,0.221
2014,4,Markieff Morris,24,PHO,5,85,625,0.136
2014,5,Reggie Jackson,23,OKC,4,49,625,0.078
2014,6,Vince Carter,37,DAL,1,12,625,0.019
2014,7,D.J. Augustin,26,TOT,0,6,625,0.01
2014,8T,Enes Kanter,21,UTA,0,3,625,0.005
2014,8T,Dion Waiters,22,CLE,0,3,625,0.005
2014,8T,Nick Young,28,LAL,0,3,625,0.005
2014,11T,Chris Andersen,35,MIA,0,2,625,0.003
2014,11T,Marco Belinelli,27,SAS,0,2,625,0.003
2014,13T,Andray Blatche,27,BRK,0,1,625,0.002
2014,13T,Tim Hardaway,21,NYK,0,1,625,0.002
2014,13T,Patrick Mills,25,SAS,0,1,625,0.002
2014,13T,Timofey Mozgov,27,DEN,0,1,625,0.002
2014,13T,Greivis Vasquez,27,TOT,0,1,625,0.002
2014,13T,Mo Williams,31,POR,0,1,625,0.002
2015,1,Lou Williams,28,TOR,78,502,650,0.772
2015,2,Isaiah Thomas,25,TOT,33,324,650,0.498
2015,3,Jamal Crawford,34,LAC,8,131,650,0.202
2015,4,Andre Iguodala,31,GSW,7,100,650,0.154
2015,5,Tristan Thompson,23,CLE,0,33,650,0.051
2015,6,Nikola Mirotic,23,CHI,1,24,650,0.037
2015,7,Marreese Speights,27,GSW,1,20,650,0.031
2015,8T,Corey Brewer,28,TOT,1,12,650,0.018
2015,8T,Manu Ginobili,37,SAS,0,12,650,0.018
2015,10,Taj Gibson,29,CHI,1,8,650,0.012
2015,11T,Aaron Brooks,30,CHI,0,1,650,0.002
2015,11T,Chris Kaman,32,POR,0,1,650,0.002
2015,11T,Anthony Morrow,29,OKC,0,1,650,0.002
2015,11T,Dennis Schroder,21,ATL,0,1,650,0.002
2016,1,Jamal Crawford,35,LAC,51,341,650,0.525
2016,2,Andre Iguodala,32,GSW,33,288,650,0.443
2016,3,Enes Kanter,23,OKC,19,182,650,0.28
2016,4,Will Barton,25,DEN,15,158,650,0.243
2016,5,Evan Turner,27,BOS,3,46,650,0.071
2016,6,Ryan Anderson,27,NOP,4,43,650,0.066
2016,7,Jeremy Lin,27,CHO,1,30,650,0.046
2016,8,Ed Davis,26,POR,1,21,650,0.032
2016,9,Dennis Schroder,22,ATL,1,17,650,0.026
2016,10,Tristan Thompson,24,CLE,2,16,650,0.025
2016,11,Shaun Livingston,30,GSW,0,7,650,0.011
2016,12T,J.J. Barea,31,DAL,0,5,650,0.008
2016,12T,Boris Diaw,33,SAS,0,5,650,0.008
2016,14,Zach LaVine,20,MIN,0,4,650,0.006
2016,15,Darren Collison,28,SAC,0,3,650,0.005
2016,16T,Allen Crabbe,23,POR,0,1,650,0.002
2016,16T,Jrue Holiday,25,NOP,0,1,650,0.002
2016,16T,Patrick Patterson,26,TOR,0,1,650,0.002
2016,16T,Mirza Teletovic,30,PHO,0,1,650,0.002
